1.4,0.128982911,-0.510805138,0.121675016,-2.552989816,0.154947426,0.2,0.402341641,5.1,1.139400685,-0.028182228,-1.630198347,-0.854095739,-1.613897848,-1.726282602,0.144043571,-1.23482582,1.202379849,0.051945396,-0.97727788,-1.048552965,0.045758517,-0.509652182,0.37816252,1.86755799,0.729090562,-0.895466561,1.230290681,-0.21274028,-0.887785748,0.056165342,-0.302302751,0.653618595,0.443863233,0.462782256,1.950775395,0.156348969,0.428331871,-1.706270191,-0.870797149,-0.907298364,-0.401780936,-1.25279536,-0.151357208,-0.311552532,0.978737984,3.5,1.764052346,-1.454365675,-0.362741166,0.386902498,-0.438074302,0.777490356,-0.18718385,-0.813146282,0.400157208,1.494079073,0.761037725,0.410598502,-0.634322094,-1.180632184,-0.672460448,1.46935877,-1.980796468,2.269754624,-0.103218852,1.532779214,-0.387326817,0.066517222,1.454273507,-1.420017937,0.333674327,0.302471898,0.177426142,0.864436199,-0.74216502,-0.347912149,-0.578849665,-0.205158264,0.950088418,2.240893199,-0.359553162,-0.684810091,0.313067702,0
1.6,0.04277972,-0.886904326,0.688896667,-1.913742671,0.743553516,0.2,0.538437,5,0.501799754,0.086452524,-1.197427696,0.644452033,-1.696131267,-1.556933933,0.371172553,-0.056099473,1.496910994,1.382181888,-0.703859036,-1.216076581,-0.147353665,0.240056929,0.210359367,-0.080811613,1.486782474,-1.857483272,-0.285959151,0.730183531,-0.005927406,0.71301623,0.718897166,0.663561577,0.274647204,1.486399253,-0.159012252,0.613326226,0.247706378,-0.743672175,-0.123649626,-0.410218693,-0.355494775,-0.475175106,-0.480845341,1.723696276,0.046135059,3,-1.532921053,-0.88661426,0.583569927,0.382598137,0.100159408,1.272953749,1.059806295,0.976037525,-1.711970164,0.708859575,0.643631275,0.929145148,0.207217393,0.878303758,2.929096242,-0.11433516,1.366060068,-0.098161211,0.703585555,0.026246618,1.183119557,-1.018279326,-0.98982255,0.140671903,-0.603620436,-0.654570135,-1.329891861,-0.154072398,1.193611681,1.555114032,0.504969981,0.422818575,-0.770784301,-0.95837448,0.222858323,0.483341852,-3.116856592,0
4.7,-0.773499582,-0.142510397,-1.940533397,-1.839566786,0.436187095,1.4,-1.518206705,7,-1.419185508,-0.089042119,-0.003331446,1.098273058,0.527388528,-0.226123726,-0.44360274,0.303451933,1.324868271,0.395436964,0.707134744,0.794441648,0.553781194,-1.683206807,1.571463051,-1.738331868,-0.053243042,-1.732327332,-0.587375067,1.006703924,1.077314881,-1.363077668,0.261106182,-0.211428614,-1.090508667,-0.096941558,0.095002662,-0.101002517,-0.577396249,0.63428451,-0.953860962,-0.09587145,0.801301018,0.707158031,0.765001977,-0.981899693,0.271090982,3.2,0.613349165,1.910342502,0.073152713,-0.373412163,0.344046138,1.193414585,-0.587481467,1.399229925,1.843699976,0.176892446,0.15216419,-2.256250118,0.125174612,-0.329742365,0.143937234,-0.858668398,0.811089677,0.503779466,0.867665218,1.257949943,0.840648478,0.736165479,-0.670023281,-0.649616487,1.001920704,-0.991205548,-1.438854165,-0.229663243,0.186979414,-2.231537639,-0.849614022,-1.088014541,0.030386131,1.136447627,-0.947724318,1.119707725,-0.253217367,1
4.5,-0.567803288,1.012275043,-1.0577539,1.306606023,-0.437007713,1.3,-2.241448968,5.7,2.667322089,0.622010465,0.700357337,1.739065035,0.241738288,-1.802410109,0.656463684,-6.84E-05,1.989693078,-3.007437204,0.317098166,-0.941815474,-0.515198371,0.571751991,0.698169739,-0.782324319,-2.330467258,0.501992664,0.024513232,-0.145151819,-0.635176399,-0.235804205,0.141036732,0.449616791,-0.897237031,-0.215273235,2.925249584,-0.417834436,-0.407536128,-1.378836972,0.617493882,0.903088455,-0.013033759,-1.057064291,0.611057884,0.470548911,0.813036378,2.8,-0.342368044,-0.260651141,0.606497669,0.692328841,-0.045875549,-1.824693063,1.079216776,1.607508343,-0.310304225,1.340430318,-0.873630633,1.509508919,0.76896774,-0.042177113,-0.012613142,-0.275108724,0.603676687,0.211137769,-0.920309515,1.477462787,-0.373168313,-0.851446399,0.065851179,-0.702834596,-1.432203299,-0.338183269,-1.255067896,-0.411050446,0.749299555,1.736929606,0.962222381,0.342074839,-0.606251348,-0.73629709,0.322427723,-0.360029733,1.07062833,1
3.5,-0.170750272,-0.288186532,0.300478372,0.024372098,-1.354584619,1,-0.710947069,5,-1.651030727,0.573756198,-0.067374999,0.65778838,0.257271359,-0.613203813,2.0060264,-0.208625663,-0.604033086,-0.079034677,-0.357465669,0.415250793,1.078571286,1.728331912,-0.634844327,0.820316498,0.821873007,0.948532922,-0.16725257,-2.113931949,-0.135872067,0.046361417,-1.342866619,-0.016738288,1.006933825,-0.283410009,0.176887261,-0.824147269,-0.976874641,1.407703829,0.965359669,-1.199517948,-0.384438096,-0.551576688,1.228501896,-0.155507545,0.381848674,2,0.413255971,-0.926579698,0.940587263,1.231276087,-0.951683554,-0.539119435,-0.426220313,0.112849633,-1.08299413,-0.219419816,0.943273737,-0.038243623,0.328753076,1.258196937,0.672007014,-0.148292571,-0.596770821,1.563247622,-0.69996852,-0.335051832,1.251292333,-0.691029524,0.304046667,1.196869744,0.484680288,-0.507291449,1.582270684,0.080445175,0.274499079,1.29708162,-0.700208479,-0.240284383,0.08713775,0.490253086,-0.620275583,0.052346854,-0.228419616,1
4.4,-1.558637629,0.788092367,-1.310930207,1.305683518,-0.021203387,1.4,0.192982271,6.7,-0.511101349,1.105651176,-0.429362363,-0.070002366,0.011310262,-0.330331219,0.292870729,0.683766036,0.540535292,0.78729807,1.400777645,-0.440284599,1.00047102,-0.902623858,-2.102350575,-1.185218147,-0.309335901,-1.061874016,0.570245415,-0.925462513,-0.858480789,1.299512412,0.631243803,-0.125398756,-0.083946585,1.667689179,0.961668894,-0.241625732,0.907802611,0.774104329,2.063871602,-0.060836472,-0.244241097,1.767131582,-1.127581614,-0.995360016,0.78228061,3.1,-0.472346181,-0.130170386,0.092949936,0.011534476,0.669783253,-0.173420862,-0.586601887,-1.396215366,-0.398687851,0.246391976,1.499101181,-0.748298561,-0.129340869,-0.298742873,1.073858531,-0.156080414,1.110172033,-0.002418791,-0.167248412,-0.691722537,1.739275432,-0.366147015,-1.196331835,0.055036592,0.055820816,0.730093821,1.160260071,0.963553205,-0.732264828,-0.254573774,0.117895384,-0.060606562,-0.775763536,-2.084000059,2.438683997,-0.797861099,-0.005779349,1
4.8,-1.300629967,-0.093345154,0.387263476,-0.351258447,1.51343987,1.8,0.981870636,5.9,-2.050023879,1.254604909,-0.504094703,-0.540621007,2.191634137,0.798761617,-0.037475997,-0.285237034,-0.254326211,0.538998604,0.13893647,0.176871482,-1.03017184,0.602663029,1.292071087,0.337242947,-0.449902107,0.588530016,0.47004438,0.039529242,0.185050654,0.782227505,0.25672944,1.859205791,-0.504254973,1.089087306,-0.816759307,0.323814104,0.012417097,-0.054402581,-1.41615874,-1.007032034,2.630056824,0.184835913,-0.47835342,0.42475487,1.100631415,3.2,0.595135283,0.227847906,-1.164875349,1.086236517,0.15716736,0.724623824,-0.67619622,-0.748827928,0.233906967,-0.569285669,0.879404417,0.013150034,-0.772710723,0.897422543,1.148886684,-0.471159119,0.072434964,-1.43877735,-0.644918638,0.443995577,-1.164221344,2.841767345,-0.243614141,-0.674122178,2.15770143,-1.747250016,-0.291600143,0.107127847,0.188121496,-0.180964427,1.410621544,0.588986383,1.405943713,0.424735816,0.278406528,0.039205877,-0.851909964,1
4.4,1.960286223,0.506548286,-0.742424006,0.940107869,0.229693454,1.4,0.389295188,6.6,0.291998361,0.785215977,0.276812025,0.309654023,0.971362884,0.240431337,-0.143276612,0.114902883,1.010051054,0.801109993,-0.261638347,0.84246727,-0.416404486,1.511507468,0.135286384,1.365526925,-1.47759691,-0.184505721,0.251903596,1.165934145,2.015309468,0.444083967,-0.227139965,-0.163390345,1.225653944,-0.912311048,-0.791154779,-0.709985603,1.099250822,0.057319267,0.722020963,-1.463643725,0.302163428,-0.281490129,-1.65465749,-0.837945172,0.114670029,3,2.042536234,-0.116287454,-0.49103588,0.006585185,-0.429203915,-0.298650507,-0.210624555,-0.809393715,-0.919461184,-0.530637623,-0.072072476,1.270301301,-0.051890873,0.195782791,-2.24599002,-0.817096116,-0.983594791,-0.66406672,0.03723274,2.611800024,-0.746994741,-0.638158788,0.795255215,-0.002845334,-2.205388107,-0.225811085,0.437695779,-0.320882312,-0.403430786,-0.03983988,-0.133376009,0.168214377,-1.286240911,-0.137423704,-0.798510871,-0.461850241,-0.968846142,1
3.8,-0.271728524,-0.627006738,0.922024119,-2.21495721,0.554252568,1.1,-1.186368728,5.5,0.69936638,0.272930787,-1.088265785,2.106996676,0.276468526,0.675960974,1.922118725,-0.778022153,-1.030432829,0.947976564,0.718793179,1.334678796,-0.988291845,-2.032496638,-1.542241236,2.45303545,0.436882029,0.988373089,0.342479191,-0.115548106,-1.257530551,1.251045527,0.847559525,-0.342288057,0.872962957,-2.527136403,-0.35570146,-0.246540636,-1.09894346,-0.236880984,-0.735976592,-0.357133052,1.621526149,0.671443872,-1.08745619,-0.163890421,0.69427617,2.4,-0.096303671,-0.006071415,0.910848926,0.411293989,-0.442834954,1.084361281,1.48877026,1.828012371,-2.19438644,0.940455359,-1.522363852,-0.94030479,-0.982768323,-0.146056257,0.660413531,-0.348910863,0.271502366,-0.925092527,-0.887341868,0.280410895,1.764942218,-2.757263834,-0.826697197,1.674733258,-0.100549931,0.756135839,-0.351955527,1.466830455,1.970290893,1.290228517,-1.025190134,0.274938156,0.213391289,0.029121399,-0.128932443,-0.558370487,-1.273522063,1
4.5,-0.057805762,-1.189131172,0.238571265,1.068478921,2.950795686,1.6,-0.598482234,6,-0.030582789,0.360096895,-0.23090957,-0.091577156,-0.754492664,0.560366249,0.834568791,0.941293463,1.453343168,-0.738683037,1.434784336,0.133299723,-0.058708457,0.207173568,-1.925068139,0.669439953,0.330431667,-0.668168392,0.317448215,0.874321689,-0.143357085,0.790021877,1.309548922,1.085213472,-0.463587625,1.712177027,0.160278214,0.959463446,1.082388344,0.359765153,0.207020788,0.248427654,1.297806357,-0.72097064,0.367910635,0.132017481,-0.402485998,3.4,-1.153280395,0.145093791,-0.045141906,0.338339544,0.84963708,0.118935983,0.686470075,0.541413075,-0.720615247,-0.018750841,0.847657669,0.06545271,-0.192954723,-0.020724088,-0.457597085,0.296340774,-1.186373572,-0.392430681,1.268154292,-1.041767905,0.56706381,0.439085474,-1.115651405,-0.966290068,-1.145754409,0.667315611,0.463423133,-0.839408406,-0.180969727,0.186665575,-0.655021915,0.538716059,-0.306562736,0.742659002,0.268702077,-0.980355024,0.25486799,1
4.4,-0.287251803,-0.482387112,-0.875480764,-1.577349515,0.362153209,1.2,0.300509605,5.5,-0.086331468,-1.247297636,-0.033649331,-2.059307297,0.064532738,-1.28574408,0.749876024,0.33391877,-0.498288314,1.297096156,0.99455198,1.457491502,-0.576854908,-0.215496642,-1.787854116,0.10117749,-0.529859328,-1.048777185,0.364720028,-0.229494407,1.123284394,-2.02725618,0.669865016,-0.180910363,1.383398859,0.819368786,0.071142711,0.419704276,0.128314407,3.006051553,-0.46721407,-0.777355024,-1.450177399,-0.08898641,0.255671506,-0.308744944,0.573708174,2.6,-0.088724413,0.571719781,-0.336283278,0.169538438,0.029323433,0.124393681,-0.378127878,-0.66071675,1.512770114,-1.290574306,-0.616114341,1.103841926,0.165488057,-0.283050518,-0.165726537,0.196719925,2.231483978,0.462649217,-0.711177233,-0.187443221,0.853370434,0.447885783,-0.690177719,0.186719115,-1.464259458,-0.697543979,0.220459098,2.633002456,-0.873853487,-0.259203431,1.948441412,-1.136987829,0.018713031,-0.541003976,-0.67483784,0.937991937,-1.81633658,1
6,1.305445411,-0.14957443,-0.029481647,0.604276715,-0.908408145,2.5,-2.447201705,6.3,0.684312029,-0.774274128,-1.077302105,-0.535497145,0.182802669,-0.611261529,0.292280245,0.4527695,-0.287546322,0.78184729,-0.782528542,0.142413753,1.308023983,0.338218018,-0.76321865,-1.87925228,-0.476354601,2.542334601,0.759889549,0.404355684,-0.802038346,-0.271242071,-0.438067501,-1.415711747,0.278255834,0.360744536,2.405715463,-0.166393429,1.214964737,-2.100525474,-0.592281095,-0.257662397,-1.263295836,0.313304729,-1.455285804,-1.118649433,0.925065615,3.3,0.997844756,0.233707521,0.123046535,-0.37914342,0.363241477,0.424356434,0.761768806,0.499379525,0.260080724,-1.431262817,0.113220625,0.096548553,-0.16721898,-0.834699997,-0.53400568,-1.236162999,-1.376420976,1.45387448,-1.152335412,0.592166203,-0.340835308,0.760616718,0.886721453,-0.299516775,0.970433046,0.31710773,0.227977839,-0.972317287,1.031282995,-1.550232713,-0.140744105,-1.402234775,-1.40220506,1.476075853,-0.06232819,0.636151559,-0.194624694,2
5.6,-0.144104221,0.189175553,-0.052079582,-0.190314895,0.560758735,1.8,-0.658843887,6.3,-1.222416341,-1.481745963,-0.768816537,-0.468204719,-0.172568123,0.772248583,-0.334194182,0.883484355,2.245019819,-0.913684971,0.557122751,1.18560462,-0.459895522,1.259089795,1.757056473,-0.111625923,0.326753058,1.020839821,-0.052258497,-1.056388038,0.684979647,0.461910162,0.754862527,0.22757112,1.359029652,0.003373524,0.436434513,-1.444373955,1.237953016,-0.41074065,-0.813586376,-0.117326167,2.202297975,0.704786211,0.117515388,-1.065533788,-0.403161305,2.9,-0.583970884,1.675681786,-0.5654813,0.926775298,-0.306425338,0.480585053,0.096869587,-0.662845831,-0.102326868,-0.510340372,0.38160675,0.284588592,1.723271613,-0.382202063,-0.066026499,-0.612932938,-0.186878223,0.354524696,-1.226595482,0.90120831,0.179861638,-1.576247733,-0.903472878,0.284336858,0.240197768,-0.882106188,0.260722843,0.329670796,1.313934803,-0.410297358,-1.123721075,1.403988838,0.653622008,-0.077569745,-1.168185091,-0.224804515,1.009901104,2
4.5,0.01836744,1.074435569,0.662760578,2.056893854,-0.664878335,1.7,1.887422351,4.9,-0.388251673,0.017708959,0.270318175,-0.916152082,-0.527705079,0.146298984,1.267041172,1.101613704,-2.531764673,1.252047839,1.06241246,-0.001654861,0.895305758,-0.468412072,0.491133144,-0.60945488,-0.585337234,0.05536379,-1.152382878,0.093434023,0.436178726,0.411004526,-0.823549434,0.180419714,-0.963121394,0.006145462,0.277512869,-0.865224722,-1.055375424,-1.713335648,1.451055946,-0.041412512,-0.307174561,0.31110777,-0.276421068,0.107525154,0.608080864,2.5,1.147215774,0.817301241,0.542886484,0.183960077,-1.021237392,-0.5543714,-0.762516267,-0.670107443,-1.368854965,0.396536887,0.600480812,0.26368204,-0.143683008,-0.808890268,2.615180689,1.197436012,2.483625478,0.484804751,1.577559348,1.437594358,0.676801132,0.053725529,1.184748103,-0.292658034,-0.065183569,0.892004733,-0.417750087,-0.066709249,-0.02835398,1.250874995,0.200621764,1.224729781,-0.040149818,-0.53009481,0.908922105,-0.650036585,-1.596661745,2
6.1,0.797260189,0.454450089,0.017875323,-0.500534789,1.61568612,2.5,-0.721164754,7.2,-1.534820135,-1.832457327,0.766748347,-0.506493163,-0.650077159,0.367349871,0.066576282,-0.224037967,0.022084236,1.992030951,-0.633162289,-2.030526772,-0.041682383,0.610640017,-0.403066973,-0.816623531,1.037112857,1.847729903,-1.761234084,-0.155658996,-0.541479901,0.108305473,-0.934346016,0.074222641,-0.106061403,1.132346913,0.71160514,1.224502933,0.042899986,-0.419511569,-0.525119851,0.171369068,0.369670985,0.421194028,1.537600991,-0.287386365,-1.354497804,3.6,0.168563945,0.192918747,-0.743207663,-1.457593996,-0.264427289,-1.110747286,0.582306564,-0.419252869,0.042776875,1.145573613,0.902157982,-1.507333643,0.158605826,0.536146923,-2.300358752,0.934440356,0.370681416,0.395527988,1.584034916,0.407500824,0.09636617,0.56730066,0.377961355,-0.63616068,0.949775296,-0.381228999,-0.377953238,0.542397795,0.67198393,-0.414336882,0.367232104,1.176221568,-0.017774873,0.527438551,-3.017878321,1.239120026,-0.83786411,2
5.5,1.19779556,-2.501423912,-1.621756736,-0.160212572,-1.217250136,2.1,-0.62214668,6.8,-1.593738227,0.726356208,-0.216854388,-0.556614206,-0.147113076,-1.672523082,2.044151087,-0.792513337,-0.812624088,-0.177184469,-1.049578892,1.417079274,-0.735527284,-0.43745681,-1.475050257,0.547800329,-0.659075809,0.137374884,0.188167902,-0.367859222,-0.527656397,0.33622471,0.68411634,0.789443851,0.442903276,-0.900316838,-1.091534359,0.053106739,1.206264502,-0.076972705,0.435044728,-1.247777035,-0.672310182,-2.924153142,1.319245138,-0.624856856,1.301544824,3,-0.89138365,1.487390239,-0.078631017,-0.220107143,1.674010313,1.682530253,0.018525546,-0.494726764,0.018777835,0.913580268,-0.00806795,-1.401151467,-1.389653241,-0.603821221,0.979512763,1.808832617,2.035254415,-0.632460871,-0.902698271,0.291058864,-1.081047033,-1.037852806,-2.023317358,0.443728729,0.047335821,-0.245858487,0.21500161,-2.343587152,-0.893696067,0.457990177,-2.573836098,-0.045627498,-2.170890409,1.371868278,-0.207132405,-1.65976109,0.028814325,2
5.3,-0.360043737,0.013426318,0.362545854,1.682794679,0.014026062,2.3,0.829807656,6.4,-0.248728856,1.004579602,-0.347733691,-1.240076932,0.290410501,-0.457865907,0.833380286,-0.577366607,0.359612692,0.812435402,0.965016145,-0.760052913,-0.603400438,0.406725953,-0.996461209,0.532429328,0.160395738,-1.534703641,-0.997884211,-0.146930033,-0.117271254,-1.563573753,-0.532446667,1.140157608,-0.340090286,-0.001617036,-2.164428862,-0.000862509,0.87465394,-0.534052554,-0.719787778,1.60113068,-0.351221162,-0.3487934,-2.244160774,-0.337455602,2.03088066,3.2,1.567249942,-1.550591916,0.506785601,0.285620529,-1.640533164,1.160924552,-0.608335401,-0.108890016,-0.20268507,-1.295209417,0.218202325,-0.042063203,1.475323218,-2.177194958,-0.719189792,-0.119463707,-0.543945263,-1.195925052,0.572133054,-1.071505673,-0.702629713,1.115761988,-0.129479903,-1.323205296,-1.353757131,-0.09074169,1.691064771,-1.52589696,0.815926264,-1.699554953,-0.061074682,0.772378341,-0.356164715,-0.063761226,-0.357588459,-0.4896482,-0.06484063,2
6.9,-0.216581095,-0.313698924,0.19386297,0.861664442,-1.044039651,2.3,-0.742039582,7.7,1.148402086,0.64602734,-0.60120013,-0.247131632,-0.932363023,0.17448769,-0.240245331,0.604364993,-0.227693504,-1.526880313,0.720113194,-0.808831271,0.590079763,0.306418381,-0.663366022,-0.002491529,-0.869888237,-0.87200869,-0.973617954,-0.140194613,1.501299783,-0.469255903,-0.333458502,0.636729835,0.682013717,-0.077892176,0.685437168,0.897553773,-0.456958199,2.348860833,-1.38370075,0.654752584,-0.315522252,2.629678794,0.227123178,-1.201723238,0.557666547,2.6,2.17253574,-0.764332861,-0.572445626,0.707770818,-0.439170466,0.238497308,0.791312537,-0.27684431,-1.30960664,0.099224662,0.834624992,-2.367669846,-0.594781877,-0.093261602,-1.292801151,0.778589987,-0.00916277,-0.317753446,-0.006230967,0.757733792,0.997393951,1.722247318,-0.572039336,-0.351730039,-0.113882724,0.248672195,0.771581354,0.653923615,0.554404471,0.756021176,0.597310288,0.632310284,1.192823025,-0.802676714,0.351856699,-0.04465737,-1.843368814,2
4.9,-0.280441694,-1.286182324,-1.523898501,-0.055243789,-0.079042873,2,-1.687300106,5.6,1.261732726,1.864620374,0.64603977,-0.574897309,0.175720052,-1.748073094,0.35164035,-0.235577693,-0.181128406,-0.011055097,0.486758259,0.329418612,-0.518854443,-0.919505149,0.618670335,1.4348359,-1.447640303,0.105656713,0.092763879,-0.823893123,1.286451352,-0.991077651,0.350057467,0.130643024,-1.508588291,0.176604619,1.93810893,-1.106779898,-1.682076829,0.896670842,-1.627229549,-1.643723856,-0.799320319,0.866285378,0.212223484,0.141413269,0.200663957,2.8,0.183167109,-0.51911686,-1.613089977,-0.137465915,0.726095782,-0.514577023,1.317810078,-0.415429419,0.645732888,-0.366800081,-0.368758519,-0.226360865,-1.243595947,0.584909666,-0.73889738,1.246373958,-0.815204388,-0.971400477,-0.068602605,0.104198086,-0.469784263,-0.983403692,0.774258678,0.19478609,0.277723466,1.380774516,-0.224936326,0.440691062,2.417459282,0.49170091,0.762690648,0.122830716,0.099803535,1.576416327,2.22426303,0.812186291,-0.89464486,2
5.7,-0.96275025,-0.869578693,0.130565893,0.690313713,-0.622801025,2.1,0.983888294,6.7,0.493405154,-0.605147353,0.708787328,1.099156731,-0.789073649,-0.458305446,0.212264653,2.133050049,0.923183493,-0.234857738,0.448854129,-0.678129796,-0.00573332,-0.626575653,1.240477055,-0.213823823,-0.250906351,-1.452866412,-0.457329768,-0.098503701,0.170446285,1.298111432,-0.953166365,0.674799318,0.273906776,0.018473602,-0.388382517,1.209655033,0.224820538,-0.754928242,0.042358814,-0.104080577,-0.774402948,-0.038495852,-0.383551525,-0.032920693,0.518801815,3.3,1.058261781,0.00353687,1.834745099,-0.947865964,-1.306421165,0.143567387,1.061263823,0.098709349,0.511042053,0.061566832,-0.565315844,1.193956009,-0.480009294,-0.305517275,-0.108765425,0.431597886,1.986898258,-0.204302668,0.727645982,-1.462644263,1.325518815,-1.038472427,-1.012906587,0.334099599,0.741299816,0.771819169,-0.857044028,-0.493958916,-1.800153275,0.111301166,0.516872179,-0.466875308,1.464705654,1.361553342,0.454474991,-1.80928169,2.549112342,2
4.9,1.396944949,-1.79884394,-0.015522606,0.728453165,1.663475743,1.8,-0.725053217,6.1,0.960332772,1.006873885,1.430620888,-1.059450366,0.247434982,-0.392482091,1.552503195,1.669487886,0.179748322,-0.496698796,-0.67482691,1.31951239,-0.939588095,-0.052795952,-2.526466987,0.194225206,0.455167392,0.935638546,-1.299086426,0.091124094,-2.269043327,-0.931805927,0.770186697,1.159184648,1.198562393,-0.597309338,-0.100866321,-1.072711334,-0.441263818,0.093230289,-1.233108827,0.415376516,-0.775519575,-1.235877077,2.405770609,-1.285492543,-1.290910894,3,0.69756465,-0.442342229,0.153041412,0.664236396,-0.242088711,0.218813126,-0.320317675,-1.642417052,-0.669591147,-1.695162512,0.364494041,0.377298163,1.239854603,-0.977534908,0.091940252,-0.529761965,0.521688339,-1.985350127,0.620078463,-0.922316596,0.267923022,0.26307244,-1.46552712,-0.42585313,-0.417813553,-0.293827008,0.938059394,0.281553863,-0.394514412,-0.379710742,-0.227118576,0.821074357,-1.997033443,0.194861295,-1.494602999,-1.135684715,-1.773672773,2
6.1,-0.883887936,-1.709067092,-0.017855349,-1.187285867,-0.763230034,1.9,-0.136072106,7.4,-0.464116153,0.062364098,0.93301154,-1.624093218,-2.373122692,-1.824205047,-0.075893382,0.840160325,-0.300981808,1.413068023,-0.502305584,1.45682176,0.31687077,1.200919363,1.795560774,-1.067430844,1.131797077,-1.071195169,0.247977901,-0.352409555,-0.348618749,0.258274841,0.955159239,-1.106347446,-0.472044941,-0.153150525,1.016820965,-1.090486071,0.040837932,-0.371350642,0.99497756,0.043076546,2.448176668,-0.39414843,-0.091921739,-0.33600732,-0.454766986,2.8,0.488043456,0.214459768,1.158771872,0.555383098,1.080097113,-0.101989502,1.252269036,-0.610193662,0.557430263,1.446860467,1.228130035,-0.00352959,1.300130268,-0.687197866,0.498857233,2.130352391,-0.385946681,0.750752492,-0.96235997,0.964438645,0.448603501,0.436876779,0.093326172,-0.647967579,0.22141397,-0.947404682,-0.044102147,1.189328265,-1.340997221,0.28251847,-1.562442216,0.4306002,-0.485728445,-0.607267245,0.228108813,0.755140945,1.067733152,2
5.1,0.031286279,-0.077112535,-0.311762639,-0.331882026,-0.439748311,1.5,-1.067024994,6.3,1.732097939,0.235528049,1.021571518,-0.050053015,-0.362501627,2.184058963,-0.170622996,1.070797555,0.408623844,-1.974031142,-1.049805231,1.746678162,0.130687254,0.701896057,0.902858915,-1.452886646,0.698901271,-1.160484686,-2.513114526,-1.740230595,0.768542211,0.241427031,-0.332086711,0.6395338,1.738597088,-0.568677081,-1.601785295,1.441807793,-1.059964284,-0.272829185,1.771426924,0.842442706,-0.673259621,2.368356775,-0.981790787,2.486513523,-0.04437165,2.8,0.408374367,0.773138293,-0.68522489,-0.012434272,0.460411739,0.498243117,-1.323560187,0.748356094,0.312555345,-0.392441185,-0.810606804,2.17397635,-0.374581914,1.262916472,1.801381434,-0.29859832,0.923042885,1.597513806,1.005747396,-0.472224675,0.065570169,-1.450368087,-0.397342556,0.373417063,0.463629322,0.196880429,0.083042765,0.112419255,1.618853585,1.684280184,-0.234506859,-0.557352922,-1.076882422,-1.447820355,0.493092986,-0.216756362,-1.312790117,2
5.6,0.716084331,0.041712647,1.211606357,0.214744955,1.029644411,2.4,0.283514167,6.3,-0.193856633,0.831097441,0.765780057,0.631431626,-0.315686367,-0.801924341,-1.166430385,-0.452628633,-0.373775781,-1.350317367,0.265306851,0.139350019,1.64097022,0.278763355,-0.146884108,-0.977893076,1.791748808,-2.323143978,2.206902595,-0.889706986,0.707929783,-0.883659906,-0.181114786,-0.465160502,-0.243904866,1.562086243,-0.693576303,-0.195260906,-1.664371695,1.01144816,0.363031039,0.175627556,2.170728229,-0.570908507,0.52892065,0.493124489,-1.71938225,3.4,0.235223901,2.268821912,0.143639356,0.479762362,-2.05469977,-0.306236778,0.70804104,-1.145262992,-1.20325061,-0.291733185,-2.302869369,0.39137407,-0.976632627,0.078691283,-0.711043666,-1.60327192,0.775073835,2.588762249,-0.842448352,-1.653352704,1.354428898,-2.125664357,1.498069986,-0.111472887,-1.205258034,1.295263857,1.535148636,0.09133531,-0.687760925,-0.55032008,0.349019056,0.061604799,0.506700452,0.593198768,-1.148014132,-1.259251591,-0.6883229,2
5.4,-0.12924647,0.034475784,-0.550506131,-2.380423155,-0.640161063,2.1,0.195480731,6.9,0.584502366,0.158656312,1.672638954,-1.574711313,-1.741774043,-0.338259021,0.755949969,2.710789565,0.370254753,0.37574619,1.781040512,-0.517541959,-0.226375833,1.437895377,-0.901890233,-1.456067499,-1.11494091,1.44941785,-0.123498168,0.551636699,0.68831979,-0.549091713,-0.287263612,0.224287889,-1.20911442,-0.684940087,1.005558242,2.532128704,-1.441790869,0.077035184,-0.313662157,1.633714361,0.363104046,-0.045427625,-1.886980797,-0.482779035,0.026972789,3.1,-0.891145768,-0.878543201,-0.243447306,1.22999928,-0.551807033,-0.954731444,0.287089702,-0.952393825,-2.299556876,0.179822863,-0.047533334,0.727128064,-1.55632374,0.80503776,0.845812379,-0.528050346,-0.287099898,0.068983341,-0.224296775,-0.125764596,1.396917906,0.803849193,1.470831693,0.147530845,1.097272,-0.461693848,0.152035666,0.414423064,-2.069472492,2.064810124,-1.496613046,0.097597498,-1.33101718,-0.503542832,-0.315672398,2.007900878,0.601508286,2
5.1,-0.743873101,-0.149800443,3.81E-05,-0.748770768,-1.785090302,1.9,-0.520006588,5.8,-1.015106614,0.207747533,-0.446577416,-0.896749761,1.566980816,-0.215307389,-0.48661459,0.228447176,-0.043265039,-0.695814196,-0.971189212,-0.34804805,1.138865279,1.133164982,0.280736199,-1.559405924,-0.400946687,1.169750309,-0.901859852,-1.485289067,0.311345661,0.161943407,-1.221499083,1.133028549,-0.7106296,0.625802799,-1.092026996,2.337049728,-0.283547529,-0.842770864,-0.980817428,-0.45184541,1.064251815,-1.998865066,-0.299260183,-1.2655656,-0.519976246,2.7,-1.776592528,1.719427527,1.228572947,0.171403224,0.544584996,-0.513663935,0.405037451,1.283534369,0.312572632,1.258454111,-0.12040219,0.489940775,-0.323417486,-1.716756685,-0.249482929,-0.009545372,-0.41487806,0.990841945,0.103806347,0.719765615,0.629421361,0.681017074,-0.427095633,0.494130276,-1.15711662,0.179905436,-1.565541786,-0.248768646,0.048568963,-0.514447471,1.665905622,-0.909829288,-0.809497524,-0.70352101,0.495161337,1.773870039,0.460610183,2
5.2,-1.412524832,-1.345482191,-0.621903081,0.69640566,1.64385693,2.3,-1.2222012,6.7,0.99938392,-0.317373237,0.27938183,-2.459996763,1.325308188,-1.751531141,-0.642299193,-1.458559383,1.295787712,-0.024827019,0.621619418,-0.695365144,0.104389476,1.137903708,-2.312703491,1.950220993,0.861075922,0.074919578,0.007599682,-0.047397486,-0.634255032,-0.176093508,0.815228505,-1.653355115,0.914686364,-2.515117783,-0.015277012,0.159944354,-0.662381418,0.235488474,1.763641722,0.246175566,1.189411611,0.67358988,2.229795859,0.863758435,-0.862134289,3,-1.083673175,0.80787182,1.701853334,1.112667078,-0.495599999,0.115728937,1.044194011,-0.982771439,1.880086832,-1.311052583,-0.010267679,-1.799108603,0.522463419,0.56579126,1.19173035,-0.359213769,-1.009115678,-0.236640364,-0.820819985,0.57357611,0.113832343,0.939072875,-0.752635848,-0.739720568,0.633281582,-0.350312719,0.325864417,1.454516395,-0.031768296,-0.323871705,-2.384934152,0.821331394,0.419050218,0.51073523,2.528601906,-2.595895486,-0.109685303,2
