0.2,1.4,5.1,-2.552989816,-1.630198347,-1.613897848,-0.854095739,0.121675016,-0.97727788,-1.726282602,1.202379849,-0.907298364,1.230290681,-1.454365675,-1.048552965,0.777490356,0.462782256,0.333674327,-1.706270191,-0.302302751,-0.813146282,0.729090562,-0.509652182,0.056165342,0.154947426,-0.510805138,0.761037725,0.37816252,1.86755799,-0.21274028,0.302471898,0.653618595,0.402341641,-1.420017937,-0.18718385,-0.887785748,-1.23482582,0.144043571,1.139400685,1.46935877,-0.401780936,-0.438074302,0.978737984,0.128982911,0.443863233,0.864436199,1.494079073,-1.180632184,1.532779214,3.5,0.066517222,-0.578849665,0.428331871,-0.151357208,0.177426142,0.400157208,-0.387326817,2.240893199,-0.634322094,-1.25279536,-0.311552532,0.045758517,0.156348969,0.410598502,-0.028182228,-0.895466561,0.051945396,-0.672460448,2.269754624,0.313067702,-0.347912149,-0.205158264,-0.103218852,-0.359553162,1.454273507,-0.870797149,-1.980796468,1.950775395,1.764052346,0.386902498,-0.684810091,-0.74216502,-0.362741166,0.950088418,0
0.2,1.6,5,-1.913742671,-1.197427696,-1.696131267,0.644452033,0.688896667,-0.703859036,-1.556933933,1.496910994,-0.410218693,-0.285959151,-0.88661426,-1.216076581,1.272953749,1.486399253,-0.603620436,-0.743672175,0.718897166,0.976037525,1.486782474,0.240056929,0.71301623,0.743553516,-0.886904326,0.643631275,0.210359367,-0.080811613,0.730183531,-0.654570135,0.663561577,0.538437,0.140671903,1.059806295,-0.005927406,-0.056099473,0.371172553,0.501799754,-0.11433516,-0.355494775,0.100159408,0.046135059,0.04277972,0.274647204,-0.154072398,0.708859575,0.878303758,0.026246618,3,-1.018279326,0.504969981,0.247706378,-0.480845341,-1.329891861,-1.711970164,1.183119557,-0.95837448,0.207217393,-0.475175106,1.723696276,-0.147353665,0.613326226,0.929145148,0.086452524,-1.857483272,1.382181888,2.929096242,-0.098161211,-3.116856592,1.555114032,0.422818575,0.703585555,0.222858323,-0.98982255,-0.123649626,1.366060068,-0.159012252,-1.532921053,0.382598137,0.483341852,1.193611681,0.583569927,-0.770784301,0
1.4,4.7,7,-1.839566786,-0.003331446,0.527388528,1.098273058,-1.940533397,0.707134744,-0.226123726,1.324868271,-0.09587145,-0.587375067,1.910342502,0.794441648,1.193414585,-0.096941558,1.001920704,0.63428451,0.261106182,1.399229925,-0.053243042,-1.683206807,-1.363077668,0.436187095,-0.142510397,0.15216419,1.571463051,-1.738331868,1.006703924,-0.991205548,-0.211428614,-1.518206705,-0.649616487,-0.587481467,1.077314881,0.303451933,-0.44360274,-1.419185508,-0.858668398,0.801301018,0.344046138,0.271090982,-0.773499582,-1.090508667,-0.229663243,0.176892446,-0.329742365,1.257949943,3.2,0.736165479,-0.849614022,-0.577396249,0.765001977,-1.438854165,1.843699976,0.840648478,1.136447627,0.125174612,0.707158031,-0.981899693,0.553781194,-0.101002517,-2.256250118,-0.089042119,-1.732327332,0.395436964,0.143937234,0.503779466,-0.253217367,-2.231537639,-1.088014541,0.867665218,-0.947724318,-0.670023281,-0.953860962,0.811089677,0.095002662,0.613349165,-0.373412163,1.119707725,0.186979414,0.073152713,0.030386131,1
1.3,4.5,5.7,1.306606023,0.700357337,0.241738288,1.739065035,-1.0577539,0.317098166,-1.802410109,1.989693078,0.903088455,0.024513232,-0.260651141,-0.941815474,-1.824693063,-0.215273235,-1.432203299,-1.378836972,0.141036732,1.607508343,-2.330467258,0.571751991,-0.235804205,-0.437007713,1.012275043,-0.873630633,0.698169739,-0.782324319,-0.145151819,-0.338183269,0.449616791,-2.241448968,-0.702834596,1.079216776,-0.635176399,-6.84E-05,0.656463684,2.667322089,-0.275108724,-0.013033759,-0.045875549,0.813036378,-0.567803288,-0.897237031,-0.411050446,1.340430318,-0.042177113,1.477462787,2.8,-0.851446399,0.962222381,-0.407536128,0.611057884,-1.255067896,-0.310304225,-0.373168313,-0.73629709,0.76896774,-1.057064291,0.470548911,-0.515198371,-0.417834436,1.509508919,0.622010465,0.501992664,-3.007437204,-0.012613142,0.211137769,1.07062833,1.736929606,0.342074839,-0.920309515,0.322427723,0.065851179,0.617493882,0.603676687,2.925249584,-0.342368044,0.692328841,-0.360029733,0.749299555,0.606497669,-0.606251348,1
1,3.5,5,0.024372098,-0.067374999,0.257271359,0.65778838,0.300478372,-0.357465669,-0.613203813,-0.604033086,-1.199517948,-0.16725257,-0.926579698,0.415250793,-0.539119435,-0.283410009,0.484680288,1.407703829,-1.342866619,0.112849633,0.821873007,1.728331912,0.046361417,-1.354584619,-0.288186532,0.943273737,-0.634844327,0.820316498,-2.113931949,-0.507291449,-0.016738288,-0.710947069,1.196869744,-0.426220313,-0.135872067,-0.208625663,2.0060264,-1.651030727,-0.148292571,-0.384438096,-0.951683554,0.381848674,-0.170750272,1.006933825,0.080445175,-0.219419816,1.258196937,-0.335051832,2,-0.691029524,-0.700208479,-0.976874641,1.228501896,1.582270684,-1.08299413,1.251292333,0.490253086,0.328753076,-0.551576688,-0.155507545,1.078571286,-0.824147269,-0.038243623,0.573756198,0.948532922,-0.079034677,0.672007014,1.563247622,-0.228419616,1.29708162,-0.240284383,-0.69996852,-0.620275583,0.304046667,0.965359669,-0.596770821,0.176887261,0.413255971,1.231276087,0.052346854,0.274499079,0.940587263,0.08713775,1
1.4,4.4,6.7,1.305683518,-0.429362363,0.011310262,-0.070002366,-1.310930207,1.400777645,-0.330331219,0.540535292,-0.060836472,0.570245415,-0.130170386,-0.440284599,-0.173420862,1.667689179,0.055820816,0.774104329,0.631243803,-1.396215366,-0.309335901,-0.902623858,1.299512412,-0.021203387,0.788092367,1.499101181,-2.102350575,-1.185218147,-0.925462513,0.730093821,-0.125398756,0.192982271,0.055036592,-0.586601887,-0.858480789,0.683766036,0.292870729,-0.511101349,-0.156080414,-0.244241097,0.669783253,0.78228061,-1.558637629,-0.083946585,0.963553205,0.246391976,-0.298742873,-0.691722537,3.1,-0.366147015,0.117895384,0.907802611,-1.127581614,1.160260071,-0.398687851,1.739275432,-2.084000059,-0.129340869,1.767131582,-0.995360016,1.00047102,-0.241625732,-0.748298561,1.105651176,-1.061874016,0.78729807,1.073858531,-0.002418791,-0.005779349,-0.254573774,-0.060606562,-0.167248412,2.438683997,-1.196331835,2.063871602,1.110172033,0.961668894,-0.472346181,0.011534476,-0.797861099,-0.732264828,0.092949936,-0.775763536,1
1.8,4.8,5.9,-0.351258447,-0.504094703,2.191634137,-0.540621007,0.387263476,0.13893647,0.798761617,-0.254326211,-1.007032034,0.47004438,0.227847906,0.176871482,0.724623824,1.089087306,2.15770143,-0.054402581,0.25672944,-0.748827928,-0.449902107,0.602663029,0.782227505,1.51343987,-0.093345154,0.879404417,1.292071087,0.337242947,0.039529242,-1.747250016,1.859205791,0.981870636,-0.674122178,-0.67619622,0.185050654,-0.285237034,-0.037475997,-2.050023879,-0.471159119,2.630056824,0.15716736,1.100631415,-1.300629967,-0.504254973,0.107127847,-0.569285669,0.897422543,0.443995577,3.2,2.841767345,1.410621544,0.012417097,-0.47835342,-0.291600143,0.233906967,-1.164221344,0.424735816,-0.772710723,0.184835913,0.42475487,-1.03017184,0.323814104,0.013150034,1.254604909,0.588530016,0.538998604,1.148886684,-1.43877735,-0.851909964,-0.180964427,0.588986383,-0.644918638,0.278406528,-0.243614141,-1.41615874,0.072434964,-0.816759307,0.595135283,1.086236517,0.039205877,0.188121496,-1.164875349,1.405943713,1
1.4,4.4,6.6,0.940107869,0.276812025,0.971362884,0.309654023,-0.742424006,-0.261638347,0.240431337,1.010051054,-1.463643725,0.251903596,-0.116287454,0.84246727,-0.298650507,-0.912311048,-2.205388107,0.057319267,-0.227139965,-0.809393715,-1.47759691,1.511507468,0.444083967,0.229693454,0.506548286,-0.072072476,0.135286384,1.365526925,1.165934145,-0.225811085,-0.163390345,0.389295188,-0.002845334,-0.210624555,2.015309468,0.114902883,-0.143276612,0.291998361,-0.817096116,0.302163428,-0.429203915,0.114670029,1.960286223,1.225653944,-0.320882312,-0.530637623,0.195782791,2.611800024,3,-0.638158788,-0.133376009,1.099250822,-1.65465749,0.437695779,-0.919461184,-0.746994741,-0.137423704,-0.051890873,-0.281490129,-0.837945172,-0.416404486,-0.709985603,1.270301301,0.785215977,-0.184505721,0.801109993,-2.24599002,-0.66406672,-0.968846142,-0.03983988,0.168214377,0.03723274,-0.798510871,0.795255215,0.722020963,-0.983594791,-0.791154779,2.042536234,0.006585185,-0.461850241,-0.403430786,-0.49103588,-1.286240911,1
1.1,3.8,5.5,-2.21495721,-1.088265785,0.276468526,2.106996676,0.922024119,0.718793179,0.675960974,-1.030432829,-0.357133052,0.342479191,-0.006071415,1.334678796,1.084361281,-2.527136403,-0.100549931,-0.236880984,0.847559525,1.828012371,0.436882029,-2.032496638,1.251045527,0.554252568,-0.627006738,-1.522363852,-1.542241236,2.45303545,-0.115548106,0.756135839,-0.342288057,-1.186368728,1.674733258,1.48877026,-1.257530551,-0.778022153,1.922118725,0.69936638,-0.348910863,1.621526149,-0.442834954,0.69427617,-0.271728524,0.872962957,1.466830455,0.940455359,-0.146056257,0.280410895,2.4,-2.757263834,-1.025190134,-1.09894346,-1.08745619,-0.351955527,-2.19438644,1.764942218,0.029121399,-0.982768323,0.671443872,-0.163890421,-0.988291845,-0.246540636,-0.94030479,0.272930787,0.988373089,0.947976564,0.660413531,-0.925092527,-1.273522063,1.290228517,0.274938156,-0.887341868,-0.128932443,-0.826697197,-0.735976592,0.271502366,-0.35570146,-0.096303671,0.411293989,-0.558370487,1.970290893,0.910848926,0.213391289,1
1.6,4.5,6,1.068478921,-0.23090957,-0.754492664,-0.091577156,0.238571265,1.434784336,0.560366249,1.453343168,0.248427654,0.317448215,0.145093791,0.133299723,0.118935983,1.712177027,-1.145754409,0.359765153,1.309548922,0.541413075,0.330431667,0.207173568,0.790021877,2.950795686,-1.189131172,0.847657669,-1.925068139,0.669439953,0.874321689,0.667315611,1.085213472,-0.598482234,-0.966290068,0.686470075,-0.143357085,0.941293463,0.834568791,-0.030582789,0.296340774,1.297806357,0.84963708,-0.402485998,-0.057805762,-0.463587625,-0.839408406,-0.018750841,-0.020724088,-1.041767905,3.4,0.439085474,-0.655021915,1.082388344,0.367910635,0.463423133,-0.720615247,0.56706381,0.742659002,-0.192954723,-0.72097064,0.132017481,-0.058708457,0.959463446,0.06545271,0.360096895,-0.668168392,-0.738683037,-0.457597085,-0.392430681,0.25486799,0.186665575,0.538716059,1.268154292,0.268702077,-1.115651405,0.207020788,-1.186373572,0.160278214,-1.153280395,0.338339544,-0.980355024,-0.180969727,-0.045141906,-0.306562736,1
1.2,4.4,5.5,-1.577349515,-0.033649331,0.064532738,-2.059307297,-0.875480764,0.99455198,-1.28574408,-0.498288314,-0.777355024,0.364720028,0.571719781,1.457491502,0.124393681,0.819368786,-1.464259458,3.006051553,0.669865016,-0.66071675,-0.529859328,-0.215496642,-2.02725618,0.362153209,-0.482387112,-0.616114341,-1.787854116,0.10117749,-0.229494407,-0.697543979,-0.180910363,0.300509605,0.186719115,-0.378127878,1.123284394,0.33391877,0.749876024,-0.086331468,0.196719925,-1.450177399,0.029323433,0.573708174,-0.287251803,1.383398859,2.633002456,-1.290574306,-0.283050518,-0.187443221,2.6,0.447885783,1.948441412,0.128314407,0.255671506,0.220459098,1.512770114,0.853370434,-0.541003976,0.165488057,-0.08898641,-0.308744944,-0.576854908,0.419704276,1.103841926,-1.247297636,-1.048777185,1.297096156,-0.165726537,0.462649217,-1.81633658,-0.259203431,-1.136987829,-0.711177233,-0.67483784,-0.690177719,-0.46721407,2.231483978,0.071142711,-0.088724413,0.169538438,0.937991937,-0.873853487,-0.336283278,0.018713031,1
2.5,6,6.3,0.604276715,-1.077302105,0.182802669,-0.535497145,-0.029481647,-0.782528542,-0.611261529,-0.287546322,-0.257662397,0.759889549,0.233707521,0.142413753,0.424356434,0.360744536,0.970433046,-2.100525474,-0.438067501,0.499379525,-0.476354601,0.338218018,-0.271242071,-0.908408145,-0.14957443,0.113220625,-0.76321865,-1.87925228,0.404355684,0.31710773,-1.415711747,-2.447201705,-0.299516775,0.761768806,-0.802038346,0.4527695,0.292280245,0.684312029,-1.236162999,-1.263295836,0.363241477,0.925065615,1.305445411,0.278255834,-0.972317287,-1.431262817,-0.834699997,0.592166203,3.3,0.760616718,-0.140744105,1.214964737,-1.455285804,0.227977839,0.260080724,-0.340835308,1.476075853,-0.16721898,0.313304729,-1.118649433,1.308023983,-0.166393429,0.096548553,-0.774274128,2.542334601,0.78184729,-0.53400568,1.45387448,-0.194624694,-1.550232713,-1.402234775,-1.152335412,-0.06232819,0.886721453,-0.592281095,-1.376420976,2.405715463,0.997844756,-0.37914342,0.636151559,1.031282995,0.123046535,-1.40220506,2
1.8,5.6,6.3,-0.190314895,-0.768816537,-0.172568123,-0.468204719,-0.052079582,0.557122751,0.772248583,2.245019819,-0.117326167,-0.052258497,1.675681786,1.18560462,0.480585053,0.003373524,0.240197768,-0.41074065,0.754862527,-0.662845831,0.326753058,1.259089795,0.461910162,0.560758735,0.189175553,0.38160675,1.757056473,-0.111625923,-1.056388038,-0.882106188,0.22757112,-0.658843887,0.284336858,0.096869587,0.684979647,0.883484355,-0.334194182,-1.222416341,-0.612932938,2.202297975,-0.306425338,-0.403161305,-0.144104221,1.359029652,0.329670796,-0.510340372,-0.382202063,0.90120831,2.9,-1.576247733,-1.123721075,1.237953016,0.117515388,0.260722843,-0.102326868,0.179861638,-0.077569745,1.723271613,0.704786211,-1.065533788,-0.459895522,-1.444373955,0.284588592,-1.481745963,1.020839821,-0.913684971,-0.066026499,0.354524696,1.009901104,-0.410297358,1.403988838,-1.226595482,-1.168185091,-0.903472878,-0.813586376,-0.186878223,0.436434513,-0.583970884,0.926775298,-0.224804515,1.313934803,-0.5654813,0.653622008,2
1.7,4.5,4.9,2.056893854,0.270318175,-0.527705079,-0.916152082,0.662760578,1.06241246,0.146298984,-2.531764673,-0.041412512,-1.152382878,0.817301241,-0.001654861,-0.5543714,0.006145462,-0.065183569,-1.713335648,-0.823549434,-0.670107443,-0.585337234,-0.468412072,0.411004526,-0.664878335,1.074435569,0.600480812,0.491133144,-0.60945488,0.093434023,0.892004733,0.180419714,1.887422351,-0.292658034,-0.762516267,0.436178726,1.101613704,1.267041172,-0.388251673,1.197436012,-0.307174561,-1.021237392,0.608080864,0.01836744,-0.963121394,-0.066709249,0.396536887,-0.808890268,1.437594358,2.5,0.053725529,0.200621764,-1.055375424,-0.276421068,-0.417750087,-1.368854965,0.676801132,-0.53009481,-0.143683008,0.31110777,0.107525154,0.895305758,-0.865224722,0.26368204,0.017708959,0.05536379,1.252047839,2.615180689,0.484804751,-1.596661745,1.250874995,1.224729781,1.577559348,0.908922105,1.184748103,1.451055946,2.483625478,0.277512869,1.147215774,0.183960077,-0.650036585,-0.02835398,0.542886484,-0.040149818,2
2.5,6.1,7.2,-0.500534789,0.766748347,-0.650077159,-0.506493163,0.017875323,-0.633162289,0.367349871,0.022084236,0.171369068,-1.761234084,0.192918747,-2.030526772,-1.110747286,1.132346913,0.949775296,-0.419511569,-0.934346016,-0.419252869,1.037112857,0.610640017,0.108305473,1.61568612,0.454450089,0.902157982,-0.403066973,-0.816623531,-0.155658996,-0.381228999,0.074222641,-0.721164754,-0.63616068,0.582306564,-0.541479901,-0.224037967,0.066576282,-1.534820135,0.934440356,0.369670985,-0.264427289,-1.354497804,0.797260189,-0.106061403,0.542397795,1.145573613,0.536146923,0.407500824,3.6,0.56730066,0.367232104,0.042899986,1.537600991,-0.377953238,0.042776875,0.09636617,0.527438551,0.158605826,0.421194028,-0.287386365,-0.041682383,1.224502933,-1.507333643,-1.832457327,1.847729903,1.992030951,-2.300358752,0.395527988,-0.83786411,-0.414336882,1.176221568,1.584034916,-3.017878321,0.377961355,-0.525119851,0.370681416,0.71160514,0.168563945,-1.457593996,1.239120026,0.67198393,-0.743207663,-0.017774873,2
2.1,5.5,6.8,-0.160212572,-0.216854388,-0.147113076,-0.556614206,-1.621756736,-1.049578892,-1.672523082,-0.812624088,-1.247777035,0.188167902,1.487390239,1.417079274,1.682530253,-0.900316838,0.047335821,-0.076972705,0.68411634,-0.494726764,-0.659075809,-0.43745681,0.33622471,-1.217250136,-2.501423912,-0.00806795,-1.475050257,0.547800329,-0.367859222,-0.245858487,0.789443851,-0.62214668,0.443728729,0.018525546,-0.527656397,-0.792513337,2.044151087,-1.593738227,1.808832617,-0.672310182,1.674010313,1.301544824,1.19779556,0.442903276,-2.343587152,0.913580268,-0.603821221,0.291058864,3,-1.037852806,-2.573836098,1.206264502,1.319245138,0.21500161,0.018777835,-1.081047033,1.371868278,-1.389653241,-2.924153142,-0.624856856,-0.735527284,0.053106739,-1.401151467,0.726356208,0.137374884,-0.177184469,0.979512763,-0.632460871,0.028814325,0.457990177,-0.045627498,-0.902698271,-0.207132405,-2.023317358,0.435044728,2.035254415,-1.091534359,-0.89138365,-0.220107143,-1.65976109,-0.893696067,-0.078631017,-2.170890409,2
2.3,5.3,6.4,1.682794679,-0.347733691,0.290410501,-1.240076932,0.362545854,0.965016145,-0.457865907,0.359612692,1.60113068,-0.997884211,-1.550591916,-0.760052913,1.160924552,-0.001617036,-1.353757131,-0.534052554,-0.532446667,-0.108890016,0.160395738,0.406725953,-1.563573753,0.014026062,0.013426318,0.218202325,-0.996461209,0.532429328,-0.146930033,-0.09074169,1.140157608,0.829807656,-1.323205296,-0.608335401,-0.117271254,-0.577366607,0.833380286,-0.248728856,-0.119463707,-0.351221162,-1.640533164,2.03088066,-0.360043737,-0.340090286,-1.52589696,-1.295209417,-2.177194958,-1.071505673,3.2,1.115761988,-0.061074682,0.87465394,-2.244160774,1.691064771,-0.20268507,-0.702629713,-0.063761226,1.475323218,-0.3487934,-0.337455602,-0.603400438,-0.000862509,-0.042063203,1.004579602,-1.534703641,0.812435402,-0.719189792,-1.195925052,-0.06484063,-1.699554953,0.772378341,0.572133054,-0.357588459,-0.129479903,-0.719787778,-0.543945263,-2.164428862,1.567249942,0.285620529,-0.4896482,0.815926264,0.506785601,-0.356164715,2
2.3,6.9,7.7,0.861664442,-0.60120013,-0.932363023,-0.247131632,0.19386297,0.720113194,0.17448769,-0.227693504,0.654752584,-0.973617954,-0.764332861,-0.808831271,0.238497308,-0.077892176,-0.113882724,2.348860833,-0.333458502,-0.27684431,-0.869888237,0.306418381,-0.469255903,-1.044039651,-0.313698924,0.834624992,-0.663366022,-0.002491529,-0.140194613,0.248672195,0.636729835,-0.742039582,-0.351730039,0.791312537,1.501299783,0.604364993,-0.240245331,1.148402086,0.778589987,-0.315522252,-0.439170466,0.557666547,-0.216581095,0.682013717,0.653923615,0.099224662,-0.093261602,0.757733792,2.6,1.722247318,0.597310288,-0.456958199,0.227123178,0.771581354,-1.30960664,0.997393951,-0.802676714,-0.594781877,2.629678794,-1.201723238,0.590079763,0.897553773,-2.367669846,0.64602734,-0.87200869,-1.526880313,-1.292801151,-0.317753446,-1.843368814,0.756021176,0.632310284,-0.006230967,0.351856699,-0.572039336,-1.38370075,-0.00916277,0.685437168,2.17253574,0.707770818,-0.04465737,0.554404471,-0.572445626,1.192823025,2
2,4.9,5.6,-0.055243789,0.64603977,0.175720052,-0.574897309,-1.523898501,0.486758259,-1.748073094,-0.181128406,-1.643723856,0.092763879,-0.51911686,0.329418612,-0.514577023,0.176604619,0.277723466,0.896670842,0.350057467,-0.415429419,-1.447640303,-0.919505149,-0.991077651,-0.079042873,-1.286182324,-0.368758519,0.618670335,1.4348359,-0.823893123,1.380774516,0.130643024,-1.687300106,0.19478609,1.317810078,1.286451352,-0.235577693,0.35164035,1.261732726,1.246373958,-0.799320319,0.726095782,0.200663957,-0.280441694,-1.508588291,0.440691062,-0.366800081,0.584909666,0.104198086,2.8,-0.983403692,0.762690648,-1.682076829,0.212223484,-0.224936326,0.645732888,-0.469784263,1.576416327,-1.243595947,0.866285378,0.141413269,-0.518854443,-1.106779898,-0.226360865,1.864620374,0.105656713,-0.011055097,-0.73889738,-0.971400477,-0.89464486,0.49170091,0.122830716,-0.068602605,2.22426303,0.774258678,-1.627229549,-0.815204388,1.93810893,0.183167109,-0.137465915,0.812186291,2.417459282,-1.613089977,0.099803535,2
2.1,5.7,6.7,0.690313713,0.708787328,-0.789073649,1.099156731,0.130565893,0.448854129,-0.458305446,0.923183493,-0.104080577,-0.457329768,0.00353687,-0.678129796,0.143567387,0.018473602,0.741299816,-0.754928242,-0.953166365,0.098709349,-0.250906351,-0.626575653,1.298111432,-0.622801025,-0.869578693,-0.565315844,1.240477055,-0.213823823,-0.098503701,0.771819169,0.674799318,0.983888294,0.334099599,1.061263823,0.170446285,2.133050049,0.212264653,0.493405154,0.431597886,-0.774402948,-1.306421165,0.518801815,-0.96275025,0.273906776,-0.493958916,0.061566832,-0.305517275,-1.462644263,3.3,-1.038472427,0.516872179,0.224820538,-0.383551525,-0.857044028,0.511042053,1.325518815,1.361553342,-0.480009294,-0.038495852,-0.032920693,-0.00573332,1.209655033,1.193956009,-0.605147353,-1.452866412,-0.234857738,-0.108765425,-0.204302668,2.549112342,0.111301166,-0.466875308,0.727645982,0.454474991,-1.012906587,0.042358814,1.986898258,-0.388382517,1.058261781,-0.947865964,-1.80928169,-1.800153275,1.834745099,1.464705654,2
1.8,4.9,6.1,0.728453165,1.430620888,0.247434982,-1.059450366,-0.015522606,-0.67482691,-0.392482091,0.179748322,0.415376516,-1.299086426,-0.442342229,1.31951239,0.218813126,-0.597309338,-0.417813553,0.093230289,0.770186697,-1.642417052,0.455167392,-0.052795952,-0.931805927,1.663475743,-1.79884394,0.364494041,-2.526466987,0.194225206,0.091124094,-0.293827008,1.159184648,-0.725053217,-0.42585313,-0.320317675,-2.269043327,1.669487886,1.552503195,0.960332772,-0.529761965,-0.775519575,-0.242088711,-1.290910894,1.396944949,1.198562393,0.281553863,-1.695162512,-0.977534908,-0.922316596,3,0.26307244,-0.227118576,-0.441263818,2.405770609,0.938059394,-0.669591147,0.267923022,0.194861295,1.239854603,-1.235877077,-1.285492543,-0.939588095,-1.072711334,0.377298163,1.006873885,0.935638546,-0.496698796,0.091940252,-1.985350127,-1.773672773,-0.379710742,0.821074357,0.620078463,-1.494602999,-1.46552712,-1.233108827,0.521688339,-0.100866321,0.69756465,0.664236396,-1.135684715,-0.394514412,0.153041412,-1.997033443,2
1.9,6.1,7.4,-1.187285867,0.93301154,-2.373122692,-1.624093218,-0.017855349,-0.502305584,-1.824205047,-0.300981808,0.043076546,0.247977901,0.214459768,1.45682176,-0.101989502,-0.153150525,0.22141397,-0.371350642,0.955159239,-0.610193662,1.131797077,1.200919363,0.258274841,-0.763230034,-1.709067092,1.228130035,1.795560774,-1.067430844,-0.352409555,-0.947404682,-1.106347446,-0.136072106,-0.647967579,1.252269036,-0.348618749,0.840160325,-0.075893382,-0.464116153,2.130352391,2.448176668,1.080097113,-0.454766986,-0.883887936,-0.472044941,1.189328265,1.446860467,-0.687197866,0.964438645,2.8,0.436876779,-1.562442216,0.040837932,-0.091921739,-0.044102147,0.557430263,0.448603501,-0.607267245,1.300130268,-0.39414843,-0.33600732,0.31687077,-1.090486071,-0.00352959,0.062364098,-1.071195169,1.413068023,0.498857233,0.750752492,1.067733152,0.28251847,0.4306002,-0.96235997,0.228108813,0.093326172,0.99497756,-0.385946681,1.016820965,0.488043456,0.555383098,0.755140945,-1.340997221,1.158771872,-0.485728445,2
1.5,5.1,6.3,-0.331882026,1.021571518,-0.362501627,-0.050053015,-0.311762639,-1.049805231,2.184058963,0.408623844,0.842442706,-2.513114526,0.773138293,1.746678162,0.498243117,-0.568677081,0.463629322,-0.272829185,-0.332086711,0.748356094,0.698901271,0.701896057,0.241427031,-0.439748311,-0.077112535,-0.810606804,0.902858915,-1.452886646,-1.740230595,0.196880429,0.6395338,-1.067024994,0.373417063,-1.323560187,0.768542211,1.070797555,-0.170622996,1.732097939,-0.29859832,-0.673259621,0.460411739,-0.04437165,0.031286279,1.738597088,0.112419255,-0.392441185,1.262916472,-0.472224675,2.8,-1.450368087,-0.234506859,-1.059964284,-0.981790787,0.083042765,0.312555345,0.065570169,-1.447820355,-0.374581914,2.368356775,2.486513523,0.130687254,1.441807793,2.17397635,0.235528049,-1.160484686,-1.974031142,1.801381434,1.597513806,-1.312790117,1.684280184,-0.557352922,1.005747396,0.493092986,-0.397342556,1.771426924,0.923042885,-1.601785295,0.408374367,-0.012434272,-0.216756362,1.618853585,-0.68522489,-1.076882422,2
2.4,5.6,6.3,0.214744955,0.765780057,-0.315686367,0.631431626,1.211606357,0.265306851,-0.801924341,-0.373775781,0.175627556,2.206902595,2.268821912,0.139350019,-0.306236778,1.562086243,-1.205258034,1.01144816,-0.181114786,-1.145262992,1.791748808,0.278763355,-0.883659906,1.029644411,0.041712647,-2.302869369,-0.146884108,-0.977893076,-0.889706986,1.295263857,-0.465160502,0.283514167,-0.111472887,0.70804104,0.707929783,-0.452628633,-1.166430385,-0.193856633,-1.60327192,2.170728229,-2.05469977,-1.71938225,0.716084331,-0.243904866,0.09133531,-0.291733185,0.078691283,-1.653352704,3.4,-2.125664357,0.349019056,-1.664371695,0.52892065,1.535148636,-1.20325061,1.354428898,0.593198768,-0.976632627,-0.570908507,0.493124489,1.64097022,-0.195260906,0.39137407,0.831097441,-2.323143978,-1.350317367,-0.711043666,2.588762249,-0.6883229,-0.55032008,0.061604799,-0.842448352,-1.148014132,1.498069986,0.363031039,0.775073835,-0.693576303,0.235223901,0.479762362,-1.259251591,-0.687760925,0.143639356,0.506700452,2
2.1,5.4,6.9,-2.380423155,1.672638954,-1.741774043,-1.574711313,-0.550506131,1.781040512,-0.338259021,0.370254753,1.633714361,-0.123498168,-0.878543201,-0.517541959,-0.954731444,-0.684940087,1.097272,0.077035184,-0.287263612,-0.952393825,-1.11494091,1.437895377,-0.549091713,-0.640161063,0.034475784,-0.047533334,-0.901890233,-1.456067499,0.551636699,-0.461693848,0.224287889,0.195480731,0.147530845,0.287089702,0.68831979,2.710789565,0.755949969,0.584502366,-0.528050346,0.363104046,-0.551807033,0.026972789,-0.12924647,-1.20911442,0.414423064,0.179822863,0.80503776,-0.125764596,3.1,0.803849193,-1.496613046,-1.441790869,-1.886980797,0.152035666,-2.299556876,1.396917906,-0.503542832,-1.55632374,-0.045427625,-0.482779035,-0.226375833,2.532128704,0.727128064,0.158656312,1.44941785,0.37574619,0.845812379,0.068983341,0.601508286,2.064810124,0.097597498,-0.224296775,-0.315672398,1.470831693,-0.313662157,-0.287099898,1.005558242,-0.891145768,1.22999928,2.007900878,-2.069472492,-0.243447306,-1.33101718,2
1.9,5.1,5.8,-0.748770768,-0.446577416,1.566980816,-0.896749761,3.81E-05,-0.971189212,-0.215307389,-0.043265039,-0.45184541,-0.901859852,1.719427527,-0.34804805,-0.513663935,0.625802799,-1.15711662,-0.842770864,-1.221499083,1.283534369,-0.400946687,1.133164982,0.161943407,-1.785090302,-0.149800443,-0.12040219,0.280736199,-1.559405924,-1.485289067,0.179905436,1.133028549,-0.520006588,0.494130276,0.405037451,0.311345661,0.228447176,-0.48661459,-1.015106614,-0.009545372,1.064251815,0.544584996,-0.519976246,-0.743873101,-0.7106296,-0.248768646,1.258454111,-1.716756685,0.719765615,2.7,0.681017074,1.665905622,-0.283547529,-0.299260183,-1.565541786,0.312572632,0.629421361,-0.70352101,-0.323417486,-1.998865066,-1.2655656,1.138865279,2.337049728,0.489940775,0.207747533,1.169750309,-0.695814196,-0.249482929,0.990841945,0.460610183,-0.514447471,-0.909829288,0.103806347,0.495161337,-0.427095633,-0.980817428,-0.41487806,-1.092026996,-1.776592528,0.171403224,1.773870039,0.048568963,1.228572947,-0.809497524,2
2.3,5.2,6.7,0.69640566,0.27938183,1.325308188,-2.459996763,-0.621903081,0.621619418,-1.751531141,1.295787712,0.246175566,0.007599682,0.80787182,-0.695365144,0.115728937,-2.515117783,0.633281582,0.235488474,0.815228505,-0.982771439,0.861075922,1.137903708,-0.176093508,1.64385693,-1.345482191,-0.010267679,-2.312703491,1.950220993,-0.047397486,-0.350312719,-1.653355115,-1.2222012,-0.739720568,1.044194011,-0.634255032,-1.458559383,-0.642299193,0.99938392,-0.359213769,1.189411611,-0.495599999,-0.862134289,-1.412524832,0.914686364,1.454516395,-1.311052583,0.56579126,0.57357611,3,0.939072875,-2.384934152,-0.662381418,2.229795859,0.325864417,1.880086832,0.113832343,0.51073523,0.522463419,0.67358988,0.863758435,0.104389476,0.159944354,-1.799108603,-0.317373237,0.074919578,-0.024827019,1.19173035,-0.236640364,-0.109685303,-0.323871705,0.821331394,-0.820819985,2.528601906,-0.752635848,1.763641722,-1.009115678,-0.015277012,-1.083673175,1.112667078,-2.595895486,-0.031768296,1.701853334,0.419050218,2
