1.4,1.46935877,-0.509652182,5.1,0.313067702,-0.028182228,0.2,0.128982911,0.37816252,0.950088418,-1.613897848,-1.180632184,0.154947426,-1.980796468,-0.907298364,3.5,-0.302302751,-0.311552532,2.240893199,1.532779214,-1.630198347,-0.74216502,-0.401780936,2.269754624,-1.23482582,0.777490356,-0.813146282,0.177426142,0.410598502,0.333674327,-1.706270191,-1.048552965,-1.420017937,-0.103218852,-0.870797149,-0.684810091,1.454273507,1.230290681,-1.25279536,-0.18718385,0.402341641,0.978737984,1.764052346,-1.454365675,0.144043571,-0.672460448,-0.438074302,-0.387326817,1.950775395,-0.21274028,0.864436199,-1.726282602,0.121675016,0.156348969,-2.552989816,0.066517222,-0.887785748,-0.151357208,0.462782256,-0.97727788,-0.347912149,0.302471898,-0.895466561,-0.359553162,0.729090562,1.86755799,0.051945396,0.056165342,1.494079073,-0.510805138,0.386902498,-0.578849665,0.045758517,1.202379849,-0.205158264,1.139400685,0.400157208,0.653618595,-0.634322094,-0.854095739,0.428331871,-0.362741166,0.761037725,0.443863233,0
1.7,0.269904355,0.875832762,5.4,1.519994861,0.338904125,0.4,-0.539454633,-1.416906113,0.814519822,-0.782629156,0.279095764,-0.466845546,0.276871906,-2.28862004,3.9,0.078260175,1.128594065,0.356292817,-0.569312053,-0.960504382,0.123721914,2.41245368,-0.130106954,-0.709727966,-0.964612014,-0.439189522,-0.502816701,-0.807648488,0.684501107,-0.085930767,-0.395228983,-1.159420516,-0.185053671,1.319136876,0.994394391,0.800297949,0.821585712,0.457415606,-2.739677167,1.738872677,0.766663182,-0.598653937,0.093953229,-1.4465347,-0.517519043,-0.115107468,0.800564803,0.194292938,-0.110389299,-2.094603071,0.181338429,-0.233466662,0.314817205,0.929505111,-0.468864188,0.868963487,0.058925589,-0.793117363,0.355481793,-0.97110457,-2.201441286,-1.054628464,-0.978829859,-2.016406628,-1.768538451,0.251484415,0.496000946,0.370825001,0.463130329,0.820247837,-0.882418819,0.943046087,0.005292646,0.142061805,-0.275670535,-1.115896986,0.582224591,0.199300197,1.719589307,2.021043561,-0.050603541,-0.309114445,1.732721187,0
1.5,-0.509843242,0.406415494,5.4,-0.852585847,-1.032643102,0.2,-0.631375988,0.997117981,0.498052405,-0.749690345,-1.353388858,0.324869616,-0.069641578,-1.370759983,3.7,0.311447072,0.050954277,-0.391217052,1.370989006,-0.114775325,-0.591183104,-1.016738649,-0.667720286,-0.878190343,-0.539132637,0.021062021,0.227392775,-0.112465983,1.735878998,0.972535789,0.23958276,-0.369801166,-1.688230028,-0.22247701,-1.061222287,0.645055273,-0.848320523,0.755740289,2.225944332,0.699380484,-0.057469518,1.411172064,0.326962595,-0.532489919,1.15418403,-0.193176702,0.470433145,2.133868247,0.032808748,-0.837678042,0.099454457,-0.657951045,0.867276629,-0.011145612,-1.642965294,0.030601824,-0.026192237,0.308751242,0.40520408,0.051574943,-0.406071796,-2.582796633,0.172504416,1.081376034,0.940917615,0.865652923,-1.794229271,-0.667712721,-0.347961856,-1.153950364,-0.858919908,0.330035115,-0.325669469,1.68192174,-0.241337791,0.785803827,0.0114989,-0.535270165,0.022959756,-0.436748337,0.025405208,1.011842433,0.468385234,0
1.5,0.301514057,0.434807958,5.7,-1.194986805,-0.340692344,0.4,1.405365439,0.479095224,0.870961782,-0.291641986,0.599039526,1.03909644,1.736774957,-1.422794909,4.4,-1.098570728,-1.317717343,0.647967791,-0.756493529,-1.582494478,-0.393153195,0.359249157,-0.162218448,-0.824409121,-0.375222401,-0.34978218,0.505386939,0.616459313,0.085951973,0.534201171,2.320799839,0.117090872,1.296149868,-0.813794483,0.547480572,0.404695456,0.960557224,0.73242401,-0.145274457,0.422580372,1.584820527,-0.896369723,0.769430178,0.536596521,0.131573968,0.540094461,-0.549498546,0.317885097,-1.741022808,1.774658561,2.02347195,0.880511199,-1.582685642,0.252803505,-2.777359145,-0.778183521,-0.877970617,2.243601895,-1.214401383,-1.44657789,1.151733975,-0.780304407,-1.405560047,-2.115056015,-1.139008193,1.922324755,0.54100822,0.751946588,1.045023376,0.271112796,-1.449117611,0.330532743,0.225840479,0.562989719,1.618054269,-1.962732009,-0.408014709,-0.589228987,-0.500409667,-1.263172912,-0.448465006,0.191450872,-0.454080363,0
1.7,1.414874136,0.403896021,5.4,1.008597287,-0.83519269,0.2,1.013972154,-0.216343978,1.260568845,0.205086625,0.806563768,0.156476257,0.218397073,0.018922104,3.4,-0.956258422,2.171164949,-0.821549826,-1.312849675,0.082611032,1.548066801,0.568007359,-0.061743301,0.588742407,0.382202788,-1.638423626,0.215553054,-1.472322928,-0.56431791,-0.048344624,0.165863523,1.329141283,-0.400348815,-1.005311872,1.009711855,2.211304333,-0.868862547,-1.451905529,0.82461822,0.384323405,-1.006036858,0.430771135,-0.446836254,0.913201924,0.3191184,1.936712462,-0.531993809,-0.608101257,1.161533804,-0.796775306,-1.776388616,-1.063432938,-0.252710672,-0.723928704,1.148350581,0.442846114,-0.100393503,-0.821534517,0.531974639,-0.344196456,-0.910850378,0.990909174,0.307264781,-0.957158098,-1.548254323,-0.082034153,0.662074289,0.22734595,-1.684517255,-0.186709112,0.101407147,-0.18375573,0.656390751,1.614249547,-1.730276062,-0.149891592,-1.119628234,1.40284474,0.527597383,-0.946740411,0.335844721,-1.797455804,-0.679593043,0
1.6,-0.11433516,0.240056929,5,-3.116856592,0.086452524,0.2,0.04277972,0.210359367,-0.770784301,-1.696131267,0.878303758,0.743553516,1.366060068,-0.410218693,3,0.718897166,1.723696276,-0.95837448,0.026246618,-1.197427696,1.193611681,-0.355494775,-0.098161211,-0.056099473,1.272953749,0.976037525,-1.329891861,0.929145148,-0.603620436,-0.743672175,-1.216076581,0.140671903,0.703585555,-0.123649626,0.483341852,-0.98982255,-0.285959151,-0.475175106,1.059806295,0.538437,0.046135059,-1.532921053,-0.88661426,0.371172553,2.929096242,0.100159408,1.183119557,-0.159012252,0.730183531,-0.154072398,-1.556933933,0.688896667,0.613326226,-1.913742671,-1.018279326,-0.005927406,-0.480845341,1.486399253,-0.703859036,1.555114032,-0.654570135,-1.857483272,0.222858323,1.486782474,-0.080811613,1.382181888,0.71301623,0.708859575,-0.886904326,0.382598137,0.504969981,-0.147353665,1.496910994,0.422818575,0.501799754,-1.711970164,0.663561577,0.207217393,0.644452033,0.247706378,0.583569927,0.643631275,0.274647204,0
1.6,0.23345808,-0.409854538,4.8,0.938585136,-0.689048429,0.2,-0.093024144,-0.675703143,-0.635430439,0.303656474,-1.505911352,0.111872397,0.31056471,-1.193257833,3.1,0.521625227,0.797913197,0.815471969,0.144106485,-0.590757153,-0.509005839,-2.086510029,0.115665074,-0.842571702,-0.473604057,0.398296086,1.222877447,1.004419192,1.925805737,0.731551582,0.496893145,-0.665041618,0.669562341,-0.415231396,-0.401763742,-0.172458597,-0.392567258,0.892708153,0.792041498,-1.542921447,-0.013451469,0.152176976,-0.547355574,-0.726365832,-0.935127209,-0.453337432,0.698650234,0.319649783,1.033956987,-1.058571898,-1.255774882,-0.608815117,-2.010782269,0.512562231,1.653149833,-1.370571918,0.852829768,0.971970294,0.48096985,-0.507036632,-0.699317941,1.909342626,0.38182401,-1.296360388,0.410601791,0.35026592,-0.886879604,1.951761012,0.900822764,1.663873124,-0.673664171,-0.550799426,-1.092217941,1.23994055,-2.313773113,-0.37412632,-0.359116595,0.386166377,-1.01925115,-0.548087187,0.100867063,0.633533902,-0.22612247,0
1.2,1.274044538,0.202881044,5,-0.393449121,-0.197787452,0.2,-0.057756558,0.469372225,-2.3536404,-0.206974475,0.898240622,-0.79770276,0.373174718,1.226663974,3.2,-0.135809843,-0.332758765,0.431633853,0.865525191,-1.448466863,-0.344045629,-0.0572812,-0.522578542,-0.217163116,0.696650654,-0.392820604,1.523771198,1.51900328,-0.40435222,-0.453553101,1.022210355,-0.417429456,0.106652295,0.56144991,-0.838311156,1.901340052,1.072636047,0.700680109,0.490971055,0.136031217,-0.050107459,-0.966931088,-0.30713172,0.783744494,0.095411876,1.246695141,-0.888645283,-0.991628358,-0.563309359,0.139988467,-0.336273859,0.274416995,-0.149589502,0.022212665,0.909188495,-1.394679642,-1.005144431,-1.572796453,0.818353731,1.082672282,0.08071989,0.677245916,2.337409661,0.826125708,0.576934597,0.666354542,-0.204007872,-0.735295718,-0.173608236,-0.031911076,-1.259596169,-0.449037141,-1.13856787,-0.633988659,-0.726712026,-1.731731346,0.54345344,-1.037029344,0.00271754,-0.837776259,-1.112905895,-0.524939423,-1.099970808,0
1.3,1.204600467,-0.353366889,5,-0.905535795,0.947224271,0.3,1.451528017,-0.593861915,-0.269881134,-1.873119662,1.801449209,2.881460713,1.518482926,-0.681745524,3.5,-0.77714751,1.996766002,-2.575202627,0.138071644,0.129492836,-1.562408734,-1.777043606,-0.617342347,-0.39956886,0.342976538,0.864121331,-0.002964751,-0.766309652,-0.16028622,0.498654646,1.245946257,-1.436640665,0.183753495,-1.029112968,-0.238776317,-1.436541359,0.392374328,0.843988913,0.889375908,-0.933077841,-1.388233499,-1.333342279,0.521494241,-0.43958355,-1.613423012,0.742950977,-1.034795285,-0.55768746,1.570964709,-0.025809762,-1.506463166,-1.381100086,0.112307688,1.129723359,-0.292338676,-0.763115795,1.267130941,-2.083234502,0.331092421,0.235464525,-0.193537111,1.310196517,0.464642399,-0.70884982,-0.836105604,-0.611065914,1.053199898,0.002353264,0.010257817,0.091436833,0.973080004,1.08094667,-0.654486505,-1.502650364,0.53551057,0.367784011,0.349003562,1.177232054,0.265040602,-0.029294404,1.039991785,1.085797225,-0.920407632,0
4.7,-0.858668398,-1.683206807,7,-0.253217367,-0.089042119,1.4,-0.773499582,1.571463051,0.030386131,0.527388528,-0.329742365,0.436187095,0.811089677,-0.09587145,3.2,0.261106182,-0.981899693,1.136447627,1.257949943,-0.003331446,0.186979414,0.801301018,0.503779466,0.303451933,1.193414585,1.399229925,-1.438854165,-2.256250118,1.001920704,0.63428451,0.794441648,-0.649616487,0.867665218,-0.953860962,1.119707725,-0.670023281,-0.587375067,0.707158031,-0.587481467,-1.518206705,0.271090982,0.613349165,1.910342502,-0.44360274,0.143937234,0.344046138,0.840648478,0.095002662,1.006703924,-0.229663243,-0.226123726,-1.940533397,-0.101002517,-1.839566786,0.736165479,1.077314881,0.765001977,-0.096941558,0.707134744,-2.231537639,-0.991205548,-1.732327332,-0.947724318,-0.053243042,-1.738331868,0.395436964,-1.363077668,0.176892446,-0.142510397,-0.373412163,-0.849614022,0.553781194,1.324868271,-1.088014541,-1.419185508,1.843699976,-0.211428614,0.125174612,1.098273058,-0.577396249,0.073152713,0.15216419,-1.090508667,1
4.5,-0.275108724,0.571751991,5.7,1.07062833,0.622010465,1.3,-0.567803288,0.698169739,-0.606251348,0.241738288,-0.042177113,-0.437007713,0.603676687,0.903088455,2.8,0.141036732,0.470548911,-0.73629709,1.477462787,0.700357337,0.749299555,-0.013033759,0.211137769,-6.84E-05,-1.824693063,1.607508343,-1.255067896,1.509508919,-1.432203299,-1.378836972,-0.941815474,-0.702834596,-0.920309515,0.617493882,-0.360029733,0.065851179,0.024513232,-1.057064291,1.079216776,-2.241448968,0.813036378,-0.342368044,-0.260651141,0.656463684,-0.012613142,-0.045875549,-0.373168313,2.925249584,-0.145151819,-0.411050446,-1.802410109,-1.0577539,-0.417834436,1.306606023,-0.851446399,-0.635176399,0.611057884,-0.215273235,0.317098166,1.736929606,-0.338183269,0.501992664,0.322427723,-2.330467258,-0.782324319,-3.007437204,-0.235804205,1.340430318,1.012275043,0.692328841,0.962222381,-0.515198371,1.989693078,0.342074839,2.667322089,-0.310304225,0.449616791,0.76896774,1.739065035,-0.407536128,0.606497669,-0.873630633,-0.897237031,1
3.5,-0.148292571,1.728331912,5,-0.228419616,0.573756198,1,-0.170750272,-0.634844327,0.08713775,0.257271359,1.258196937,-1.354584619,-0.596770821,-1.199517948,2,-1.342866619,-0.155507545,0.490253086,-0.335051832,-0.067374999,0.274499079,-0.384438096,1.563247622,-0.208625663,-0.539119435,0.112849633,1.582270684,-0.038243623,0.484680288,1.407703829,0.415250793,1.196869744,-0.69996852,0.965359669,0.052346854,0.304046667,-0.16725257,-0.551576688,-0.426220313,-0.710947069,0.381848674,0.413255971,-0.926579698,2.0060264,0.672007014,-0.951683554,1.251292333,0.176887261,-2.113931949,0.080445175,-0.613203813,0.300478372,-0.824147269,0.024372098,-0.691029524,-0.135872067,1.228501896,-0.283410009,-0.357465669,1.29708162,-0.507291449,0.948532922,-0.620275583,0.821873007,0.820316498,-0.079034677,0.046361417,-0.219419816,-0.288186532,1.231276087,-0.700208479,1.078571286,-0.604033086,-0.240284383,-1.651030727,-1.08299413,-0.016738288,0.328753076,0.65778838,-0.976874641,0.940587263,0.943273737,1.006933825,1
4.4,-0.156080414,-0.902623858,6.7,-0.005779349,1.105651176,1.4,-1.558637629,-2.102350575,-0.775763536,0.011310262,-0.298742873,-0.021203387,1.110172033,-0.060836472,3.1,0.631243803,-0.995360016,-2.084000059,-0.691722537,-0.429362363,-0.732264828,-0.244241097,-0.002418791,0.683766036,-0.173420862,-1.396215366,1.160260071,-0.748298561,0.055820816,0.774104329,-0.440284599,0.055036592,-0.167248412,2.063871602,-0.797861099,-1.196331835,0.570245415,1.767131582,-0.586601887,0.192982271,0.78228061,-0.472346181,-0.130170386,0.292870729,1.073858531,0.669783253,1.739275432,0.961668894,-0.925462513,0.963553205,-0.330331219,-1.310930207,-0.241625732,1.305683518,-0.366147015,-0.858480789,-1.127581614,1.667689179,1.400777645,-0.254573774,0.730093821,-1.061874016,2.438683997,-0.309335901,-1.185218147,0.78729807,1.299512412,0.246391976,0.788092367,0.011534476,0.117895384,1.00047102,0.540535292,-0.060606562,-0.511101349,-0.398687851,-0.125398756,-0.129340869,-0.070002366,0.907802611,0.092949936,1.499101181,-0.083946585,1
4.8,-0.471159119,0.602663029,5.9,-0.851909964,1.254604909,1.8,-1.300629967,1.292071087,1.405943713,2.191634137,0.897422543,1.51343987,0.072434964,-1.007032034,3.2,0.25672944,0.42475487,0.424735816,0.443995577,-0.504094703,0.188121496,2.630056824,-1.43877735,-0.285237034,0.724623824,-0.748827928,-0.291600143,0.013150034,2.15770143,-0.054402581,0.176871482,-0.674122178,-0.644918638,-1.41615874,0.039205877,-0.243614141,0.47004438,0.184835913,-0.67619622,0.981870636,1.100631415,0.595135283,0.227847906,-0.037475997,1.148886684,0.15716736,-1.164221344,-0.816759307,0.039529242,0.107127847,0.798761617,0.387263476,0.323814104,-0.351258447,2.841767345,0.185050654,-0.47835342,1.089087306,0.13893647,-0.180964427,-1.747250016,0.588530016,0.278406528,-0.449902107,0.337242947,0.538998604,0.782227505,-0.569285669,-0.093345154,1.086236517,1.410621544,-1.03017184,-0.254326211,0.588986383,-2.050023879,0.233906967,1.859205791,-0.772710723,-0.540621007,0.012417097,-1.164875349,0.879404417,-0.504254973,1
4.4,-0.817096116,1.511507468,6.6,-0.968846142,0.785215977,1.4,1.960286223,0.135286384,-1.286240911,0.971362884,0.195782791,0.229693454,-0.983594791,-1.463643725,3,-0.227139965,-0.837945172,-0.137423704,2.611800024,0.276812025,-0.403430786,0.302163428,-0.66406672,0.114902883,-0.298650507,-0.809393715,0.437695779,1.270301301,-2.205388107,0.057319267,0.84246727,-0.002845334,0.03723274,0.722020963,-0.461850241,0.795255215,0.251903596,-0.281490129,-0.210624555,0.389295188,0.114670029,2.042536234,-0.116287454,-0.143276612,-2.24599002,-0.429203915,-0.746994741,-0.791154779,1.165934145,-0.320882312,0.240431337,-0.742424006,-0.709985603,0.940107869,-0.638158788,2.015309468,-1.65465749,-0.912311048,-0.261638347,-0.03983988,-0.225811085,-0.184505721,-0.798510871,-1.47759691,1.365526925,0.801109993,0.444083967,-0.530637623,0.506548286,0.006585185,-0.133376009,-0.416404486,1.010051054,0.168214377,0.291998361,-0.919461184,-0.163390345,-0.051890873,0.309654023,1.099250822,-0.49103588,-0.072072476,1.225653944,1
3.8,-0.348910863,-2.032496638,5.5,-1.273522063,0.272930787,1.1,-0.271728524,-1.542241236,0.213391289,0.276468526,-0.146056257,0.554252568,0.271502366,-0.357133052,2.4,0.847559525,-0.163890421,0.029121399,0.280410895,-1.088265785,1.970290893,1.621526149,-0.925092527,-0.778022153,1.084361281,1.828012371,-0.351955527,-0.94030479,-0.100549931,-0.236880984,1.334678796,1.674733258,-0.887341868,-0.735976592,-0.558370487,-0.826697197,0.342479191,0.671443872,1.48877026,-1.186368728,0.69427617,-0.096303671,-0.006071415,1.922118725,0.660413531,-0.442834954,1.764942218,-0.35570146,-0.115548106,1.466830455,0.675960974,0.922024119,-0.246540636,-2.21495721,-2.757263834,-1.257530551,-1.08745619,-2.527136403,0.718793179,1.290228517,0.756135839,0.988373089,-0.128932443,0.436882029,2.45303545,0.947976564,1.251045527,0.940455359,-0.627006738,0.411293989,-1.025190134,-0.988291845,-1.030432829,0.274938156,0.69936638,-2.19438644,-0.342288057,-0.982768323,2.106996676,-1.09894346,0.910848926,-1.522363852,0.872962957,1
4.5,0.296340774,0.207173568,6,0.25486799,0.360096895,1.6,-0.057805762,-1.925068139,-0.306562736,-0.754492664,-0.020724088,2.950795686,-1.186373572,0.248427654,3.4,1.309548922,0.132017481,0.742659002,-1.041767905,-0.23090957,-0.180969727,1.297806357,-0.392430681,0.941293463,0.118935983,0.541413075,0.463423133,0.06545271,-1.145754409,0.359765153,0.133299723,-0.966290068,1.268154292,0.207020788,-0.980355024,-1.115651405,0.317448215,-0.72097064,0.686470075,-0.598482234,-0.402485998,-1.153280395,0.145093791,0.834568791,-0.457597085,0.84963708,0.56706381,0.160278214,0.874321689,-0.839408406,0.560366249,0.238571265,0.959463446,1.068478921,0.439085474,-0.143357085,0.367910635,1.712177027,1.434784336,0.186665575,0.667315611,-0.668168392,0.268702077,0.330431667,0.669439953,-0.738683037,0.790021877,-0.018750841,-1.189131172,0.338339544,-0.655021915,-0.058708457,1.453343168,0.538716059,-0.030582789,-0.720615247,1.085213472,-0.192954723,-0.091577156,1.082388344,-0.045141906,0.847657669,-0.463587625,1
4.4,0.196719925,-0.215496642,5.5,-1.81633658,-1.247297636,1.2,-0.287251803,-1.787854116,0.018713031,0.064532738,-0.283050518,0.362153209,2.231483978,-0.777355024,2.6,0.669865016,-0.308744944,-0.541003976,-0.187443221,-0.033649331,-0.873853487,-1.450177399,0.462649217,0.33391877,0.124393681,-0.66071675,0.220459098,1.103841926,-1.464259458,3.006051553,1.457491502,0.186719115,-0.711177233,-0.46721407,0.937991937,-0.690177719,0.364720028,-0.08898641,-0.378127878,0.300509605,0.573708174,-0.088724413,0.571719781,0.749876024,-0.165726537,0.029323433,0.853370434,0.071142711,-0.229494407,2.633002456,-1.28574408,-0.875480764,0.419704276,-1.577349515,0.447885783,1.123284394,0.255671506,0.819368786,0.99455198,-0.259203431,-0.697543979,-1.048777185,-0.67483784,-0.529859328,0.10117749,1.297096156,-2.02725618,-1.290574306,-0.482387112,0.169538438,1.948441412,-0.576854908,-0.498288314,-1.136987829,-0.086331468,1.512770114,-0.180910363,0.165488057,-2.059307297,0.128314407,-0.336283278,-0.616114341,1.383398859,1
6,-1.236162999,0.338218018,6.3,-0.194624694,-0.774274128,2.5,1.305445411,-0.76321865,-1.40220506,0.182802669,-0.834699997,-0.908408145,-1.376420976,-0.257662397,3.3,-0.438067501,-1.118649433,1.476075853,0.592166203,-1.077302105,1.031282995,-1.263295836,1.45387448,0.4527695,0.424356434,0.499379525,0.227977839,0.096548553,0.970433046,-2.100525474,0.142413753,-0.299516775,-1.152335412,-0.592281095,0.636151559,0.886721453,0.759889549,0.313304729,0.761768806,-2.447201705,0.925065615,0.997844756,0.233707521,0.292280245,-0.53400568,0.363241477,-0.340835308,2.405715463,0.404355684,-0.972317287,-0.611261529,-0.029481647,-0.166393429,0.604276715,0.760616718,-0.802038346,-1.455285804,0.360744536,-0.782528542,-1.550232713,0.31710773,2.542334601,-0.06232819,-0.476354601,-1.87925228,0.78184729,-0.271242071,-1.431262817,-0.14957443,-0.37914342,-0.140744105,1.308023983,-0.287546322,-1.402234775,0.684312029,0.260080724,-1.415711747,-0.16721898,-0.535497145,1.214964737,0.123046535,0.113220625,0.278255834,2
6.6,0.623173728,0.670609271,7.6,0.147934011,0.101467933,2.1,-1.34423287,-0.851699013,1.912941369,-0.18204794,-0.894169626,-1.69683789,0.923324097,-2.010480007,3,-1.872090867,-0.489889244,-1.535623827,1.077841575,-1.838461452,-0.2924168,0.402379681,-1.848530335,-1.768834596,-0.872750374,0.166254818,-0.776628867,-0.475628299,-1.182523853,-0.278348302,0.072127136,0.291205744,0.269838915,1.903530398,-1.011530269,0.610402675,-0.042934182,1.33592899,-0.71530099,-0.8403045,-0.094028705,1.690108978,-0.148933818,-0.058244279,-0.432789599,0.728397658,-0.318537513,0.604954976,-0.27664886,-0.585070178,-0.137444419,-0.30715768,0.709935397,-0.366084591,-0.610604138,-0.922525434,0.178969889,-0.733776942,-0.281397217,-0.395004431,-2.979745625,0.538548689,-0.677479821,-0.049526529,-0.48206398,-0.868922497,0.75817218,-1.844622274,-0.648933702,-1.242191008,-1.284397748,-0.751272225,-0.649639584,-1.31699159,0.060233878,-1.759683195,-0.5772585,-0.689237458,-0.653969084,-0.052099354,-2.206918682,-0.153765154,0.003142025,2
5.1,0.414513607,2.034836619,6.5,-1.028005514,-0.543455116,2,0.838849246,-2.575417644,0.550426473,1.233494874,-1.83091849,-0.175221899,-0.034927583,1.487041072,3.2,0.046608868,-0.016710011,0.662424138,-0.964236855,0.396442067,1.187410667,-0.265254244,0.136741352,-0.956240574,0.732329804,0.217146838,-0.77053624,-0.204924363,0.852125807,-0.622494806,1.036900766,-0.41559332,1.612660265,0.086470702,-0.205400984,0.345515209,-0.718009579,1.4027559,0.0386255,-0.658132328,0.979960405,-0.360524809,0.446019636,-1.021109457,1.125816751,-1.315507063,-1.01936903,0.236377055,1.365912027,-1.391425022,-0.094520585,-0.737706472,-0.401898226,-0.062969334,0.824823138,-1.654024983,-0.416667543,-1.02448302,-1.084844858,0.044895903,-0.536552091,-0.08084109,0.161997525,-2.522048413,-1.781785958,-0.159517684,0.097520817,0.281954619,-0.088168814,0.532899242,-1.546765138,-1.261146687,-0.07942715,0.845064055,-1.23172351,0.07127898,-0.617027288,-1.241553983,0.975520464,0.623924277,0.743827395,-0.53173755,-0.418867344,2
5.3,-0.119463707,0.406725953,6.4,-0.06484063,1.004579602,2.3,-0.360043737,-0.996461209,-0.356164715,0.290410501,-2.177194958,0.014026062,-0.543945263,1.60113068,3.2,-0.532446667,-0.337455602,-0.063761226,-1.071505673,-0.347733691,0.815926264,-0.351221162,-1.195925052,-0.577366607,1.160924552,-0.108890016,1.691064771,-0.042063203,-1.353757131,-0.534052554,-0.760052913,-1.323205296,0.572133054,-0.719787778,-0.4896482,-0.129479903,-0.997884211,-0.3487934,-0.608335401,0.829807656,2.03088066,1.567249942,-1.550591916,0.833380286,-0.719189792,-1.640533164,-0.702629713,-2.164428862,-0.146930033,-1.52589696,-0.457865907,0.362545854,-0.000862509,1.682794679,1.115761988,-0.117271254,-2.244160774,-0.001617036,0.965016145,-1.699554953,-0.09074169,-1.534703641,-0.357588459,0.160395738,0.532429328,0.812435402,-1.563573753,-1.295209417,0.013426318,0.285620529,-0.061074682,-0.603400438,0.359612692,0.772378341,-0.248728856,-0.20268507,1.140157608,1.475323218,-1.240076932,0.87465394,0.506785601,0.218202325,-0.340090286,2
5.7,1.802309791,0.15303477,6.9,-0.068887762,0.040568493,2.3,0.178345462,1.577891378,0.774219756,-0.384280569,-1.734178644,-1.366707262,0.319068537,0.027381737,3.2,-1.723983181,-0.869696554,-0.142110444,-1.084738986,-1.896969597,0.160687538,-0.479960549,0.323576216,-0.363569789,-0.179651981,1.186696476,-0.254606881,-0.325765254,0.825286301,1.180410378,-1.185039112,-0.267407565,0.170370412,-0.101324832,1.670172662,-1.545982211,-0.716237248,0.581802162,-0.422293389,-0.045024689,0.096083104,0.61503954,0.141138236,0.547119084,1.373190676,-0.513161339,-0.321954083,-0.973241026,0.468706838,-1.442071399,-0.861335595,-0.340469803,1.164196169,1.429223579,1.195975214,-0.01318764,0.176224981,0.203682325,0.83565376,0.845027363,-0.280714885,-0.308035695,0.524882852,-0.990814386,0.613335844,-1.916928814,-1.163208661,-0.227715399,-1.988121884,0.646046107,1.043542672,0.135765351,0.393880896,-0.430120709,0.499532888,0.129563837,0.434542288,-1.105458413,0.800232012,-1.255755337,-0.999421342,-1.510463389,1.101983953,2
6,2.07089741,0.869526008,7.2,-0.115356764,0.352000158,1.8,-0.504655986,-0.897630042,0.972262333,0.807834303,0.651929549,-0.36590833,0.172941854,1.223128781,3.2,-0.34216383,0.071142978,0.190649004,-0.552865793,0.887196672,0.552032143,-1.119993449,-2.803234085,1.142386792,-1.3630435,0.80277496,-1.414232932,-0.62325381,1.533703955,-0.046671264,-0.472488842,-0.692256898,-0.245073043,-0.07253711,1.791056136,-1.358522402,-0.201348162,0.328091763,1.300833669,0.746531449,1.733600247,-0.202117027,-0.396053178,-0.395998866,-1.794765441,-0.146882853,0.803275024,-0.619580088,0.660664029,0.728893072,-0.467396356,0.003443938,1.090869563,1.513235522,-0.13574287,1.444936481,1.431471684,0.076282051,-1.085025119,0.282688496,-0.134971429,0.778850045,0.982910657,-0.341273744,-0.177810394,-0.665636319,-1.847773487,-0.773082248,0.379576206,1.507320253,1.247681945,-0.713143622,-0.680685755,-0.401254937,0.327573354,-0.833231001,0.917068621,1.005336216,1.011555449,-0.483738886,-0.854325489,1.322602528,-0.00019677,2
6.1,2.130352391,1.200919363,7.4,1.067733152,0.062364098,1.9,-0.883887936,1.795560774,-0.485728445,-2.373122692,-0.687197866,-0.763230034,-0.385946681,0.043076546,2.8,0.955159239,-0.33600732,-0.607267245,0.964438645,0.93301154,-1.340997221,2.448176668,0.750752492,0.840160325,-0.101989502,-0.610193662,-0.044102147,-0.00352959,0.22141397,-0.371350642,1.45682176,-0.647967579,-0.96235997,0.99497756,0.755140945,0.093326172,0.247977901,-0.39414843,1.252269036,-0.136072106,-0.454766986,0.488043456,0.214459768,-0.075893382,0.498857233,1.080097113,0.448603501,1.016820965,-0.352409555,1.189328265,-1.824205047,-0.017855349,-1.090486071,-1.187285867,0.436876779,-0.348618749,-0.091921739,-0.153150525,-0.502305584,0.28251847,-0.947404682,-1.071195169,0.228108813,1.131797077,-1.067430844,1.413068023,0.258274841,1.446860467,-1.709067092,0.555383098,-1.562442216,0.31687077,-0.300981808,0.4306002,-0.464116153,0.557430263,-1.106347446,1.300130268,-1.624093218,0.040837932,1.158771872,1.228130035,-0.472044941,2
6.1,0.909318746,0.337340753,7.7,0.197003671,-0.715069767,2.3,0.301375815,-0.82873383,1.212145749,-1.369317198,-0.77441827,1.475290663,-0.69724372,0.357261697,3,-0.14430039,0.125017967,-0.018364696,1.103726271,0.118084844,2.12193272,-0.623278378,-1.835849577,0.687878636,0.183536171,-0.121633988,-0.553024978,0.248427284,0.777448025,-0.063217225,-0.792336401,-0.614813195,0.354858189,0.284694852,1.385373985,0.585878061,-0.618629495,0.584382099,0.420550481,-0.511345023,1.01657403,-1.507764294,-1.208536312,-0.278966299,0.789317711,-1.399413416,-0.282209413,0.118642391,0.658125934,1.405997639,0.83580479,1.274614751,-0.740861934,-0.395246507,-0.446419422,1.016924981,-0.650683958,-0.587756285,0.79754443,-1.481021755,-0.539398668,-2.253669697,0.825321295,-1.688296654,0.36158911,0.608374722,-0.899454288,1.102886405,-0.299344651,-0.709724989,0.432995129,-1.324914375,0.536981741,-0.106811455,-0.936163646,-0.501802164,1.158386059,0.50484521,0.193253879,2.747823827,0.030901629,2.301535224,1.036381219,2
5.6,-0.611626005,1.068319692,6.7,-0.514167688,0.717371281,2.4,0.574177035,-1.101717097,1.506539299,0.022038234,-0.460463137,-0.042088479,-0.383514222,-0.126557977,3.1,0.902806776,-0.488486401,-0.010661468,-0.682146037,-0.366293254,-1.34486297,-0.664441301,1.795260476,-1.603036388,1.031654951,0.289206857,0.188896642,-1.225168512,0.136856643,0.215166572,-1.274565127,-0.8085855,-1.698504782,-0.59904801,-0.064201232,0.628058235,1.439570321,-0.210873771,-0.285097591,0.536250534,-0.347021856,0.866801569,-0.695323528,-0.053747091,1.423587342,-1.101207447,0.434649683,1.106925011,0.195619189,0.183051957,0.228153379,0.092158258,-0.469679859,-1.984612713,-0.052111424,0.669714895,1.026667715,-0.465423233,0.988231418,-0.129849279,0.040359742,-0.03083009,0.964086535,-0.28212649,0.145847996,-0.527933545,0.882944383,0.266628072,-0.978865379,0.981885013,-0.398134185,-0.444584023,0.028360203,0.52596393,-0.989477253,-0.442538279,-0.637603829,1.24536242,-0.125438611,-2.190035975,0.58358283,-2.110003877,2.01089487,2
